continente,date,p7,IA21,EPG
Asia,26/05/2022,2.142857142857143,0.0,0.0
Asia,27/05/2022,2.142857142857143,0.0,0.0
Asia,28/05/2022,2.0,0.00010515460506917463,0.00021030921013834926
Asia,29/05/2022,1.8571428571428572,0.00010515460506917463,0.00019528712369989575
Asia,30/05/2022,1.8571428571428572,0.00012618552608300955,0.00023434454843987489
Asia,31/05/2022,1.4285714285714286,0.00012618552608300955,0.00018026503726144223
Asia,01/06/2022,1.0,0.00012618552608300955,0.00012618552608300955
Asia,02/06/2022,0.5714285714285714,0.00021030921013834926,0.00012017669150762815
Asia,03/06/2022,0.7142857142857143,0.00021030921013834926,0.0001502208643845352
Asia,04/06/2022,0.8571428571428571,0.00021030921013834926,0.0001802650372614422
Asia,05/06/2022,0.8571428571428571,0.00021030921013834926,0.0001802650372614422
Asia,06/06/2022,0.7142857142857143,0.00021030921013834926,0.0001502208643845352
Asia,07/06/2022,0.5714285714285714,0.00021030921013834926,0.00012017669150762815
Asia,08/06/2022,1.0,0.0003364947362213588,0.0003364947362213588
Asia,09/06/2022,1.4285714285714286,0.0003364947362213588,0.0004807067660305126
Asia,10/06/2022,1.8571428571428572,0.0003575256572351937,0.0006639762205796455
Asia,11/06/2022,1.75,0.0003575256572351937,0.000625669900161589
Asia,12/06/2022,1.7857142857142858,0.0003575256572351937,0.0006384386736342745
Asia,13/06/2022,1.7857142857142858,0.0003364947362213588,0.0006008834575381407
Asia,14/06/2022,1.7857142857142858,0.0003364947362213588,0.0006008834575381407
Asia,15/06/2022,1.5,0.0003785565782490287,0.000567834867373543
Asia,16/06/2022,1.3571428571428572,0.0003154638152075239,0.00042812946349592536
Asia,17/06/2022,0.8571428571428571,0.0003154638152075239,0.0002703975558921633
Asia,18/06/2022,0.8452380952380952,0.0003154638152075239,0.00026664203428255
Asia,19/06/2022,0.8095238095238095,0.0003154638152075239,0.00025537546945370986
Asia,20/06/2022,1.3809523809523812,0.0003995874992628636,0.0005518113085058593
Asia,21/06/2022,1.9523809523809526,0.0004626802623043683,0.0009033281311656715
Asia,22/06/2022,2.238095238095238,0.0005047421043320382,0.0011296609001717045
Asia,23/06/2022,2.380952380952381,0.000567834867373543,0.0013519877794608167
Asia,24/06/2022,2.8095238095238098,0.0005888657883873779,0.0016544324530883476
Asia,25/06/2022,2.976190476190476,0.0005047421043320382,0.0015022086438453517
Asia,26/06/2022,3.119047619047619,0.000546803946359708,0.0017055075469790894
Asia,27/06/2022,3.119047619047619,0.0007781440775118922,0.0024270684322394735
Asia,28/06/2022,3.1190476190476195,0.000862267761567232,0.0026894542086977956
Asia,29/06/2022,3.1190476190476195,0.0009674223666364067,0.0030174364292706976
Asia,30/06/2022,2.833333333333333,0.0010725769717055812,0.0030389680864991464
Asia,01/07/2022,2.476190476190476,0.0009463914456225717,0.0023434454843987485
Asia,02/07/2022,2.365079365079365,0.0009463914456225717,0.0022382908793295744
Asia,03/07/2022,2.3854875283446715,0.001093607892719416,0.0026087879889814644
Asia,04/07/2022,2.1712018140589566,0.001135669734747086,0.0024657681882547275
Asia,05/07/2022,2.0759637188208617,0.001135669734747086,0.0023576091658978624
Asia,06/07/2022,1.5594802023373453,0.0011987624977885909,0.001869446382605773
Asia,07/07/2022,1.340992807379362,0.0013039171028577654,0.0017485434563511992
Asia,08/07/2022,1.2552785216650764,0.0012618552608300957,0.0015839798063701019
Asia,09/07/2022,1.2269338504632625,0.0012408243398162606,0.0015224093849993004
Asia,10/07/2022,1.092239972912242,0.0012828861818439303,0.0014012195685067042
Asia,11/07/2022,0.9922399729122419,0.0014301026289407748,0.0014190049938019203
Asia,12/07/2022,0.8196209252931942,0.0015983499970514544,0.0013100411035256872
Asia,13/07/2022,0.9932472989195679,0.0015352572340099496,0.0015248901008271093
Asia,14/07/2022,1.1974489795918368,0.001682473681106794,0.002014676392631452
Asia,15/07/2022,1.454591836734694,0.0016193809180652893,0.002355538263981704
Asia,16/07/2022,1.582142857142857,0.0015562881550237845,0.002462270188126916
Asia,17/07/2022,1.5535714285714286,0.0015352572340099496,0.0023851317742654573
Asia,18/07/2022,1.7535714285714283,0.0018717519702313085,0.0032822507763699015
Asia,19/07/2022,2.0214285714285714,0.0019979374963143177,0.004038687938978228
Asia,20/07/2022,2.1738095238095236,0.0017665973651621338,0.003840246177126257
Asia,21/07/2022,2.011624649859944,0.0017876282861759689,0.003596037125258465
Asia,22/07/2022,1.7687675070028008,0.001745566444148299,0.0030875012077239304
Asia,23/07/2022,1.6503464543712223,0.0016404118390791244,0.0027072478623328088
Asia,24/07/2022,1.767229571254339,0.0017665973651621338,0.003121983104214523
Asia,25/07/2022,1.5815152855400534,0.002039999338341988,0.003226290136079449
Asia,26/07/2022,1.5815152855400534,0.002039999338341988,0.003226290136079449
Asia,27/07/2022,1.4148486188733866,0.0020610302593558226,0.0029160458159058432
Asia,28/07/2022,1.3770334928229666,0.0020820611803696576,0.0028670679794755385
Asia,29/07/2022,1.3353668261562999,0.002039999338341988,0.002724147441802692
Asia,30/07/2022,1.2971944721944724,0.0019348447332728134,0.0025098698925560816
Asia,31/07/2022,1.2160256410256411,0.001955875654286648,0.0023783949462703666
Asia,01/08/2022,1.4267399267399268,0.002502679600646356,0.003570672910079691
Asia,02/08/2022,1.3156288156288158,0.002502679600646356,0.003292597398896763
Asia,03/08/2022,1.3269070111175374,0.0023975249955771817,0.003181292725960905
Asia,04/08/2022,1.3560075402180665,0.002544741442674026,0.0034506885841713796
Asia,05/08/2022,1.463150397360924,0.0026498960477432006,0.003877196455220606
Asia,06/08/2022,1.7387914230019494,0.0025237105216601914,0.004388206209202516
Asia,07/08/2022,1.9887914230019494,0.0025237105216601914,0.005019133839617564
Asia,08/08/2022,2.0780771372876634,0.0026498960477432006,0.005506688393004083
Asia,09/08/2022,2.1177596769702034,0.0026709269687570356,0.005656381434565904
Asia,10/08/2022,1.9503968253968254,0.0024185559165910164,0.004717143781763827
Asia,11/08/2022,1.8991288086115674,0.0023554631535495116,0.004473327932528929
Asia,12/08/2022,1.8050811895639483,0.0023554631535495116,0.004251802231183201
Asia,13/08/2022,1.5450561269073066,0.002250308548480337,0.0034768530102614326
Asia,14/08/2022,1.2593418411930208,0.002187215785438832,0.002754452354320978
Asia,15/08/2022,0.7050561269073067,0.002250308548480337,0.0015865938295379495
Asia,16/08/2022,0.4621989840501638,0.0024395868376048515,0.0011275745578431143
Asia,17/08/2022,0.6754264972776769,0.002187215785438832,0.0014773034967493933
Asia,18/08/2022,1.1159613319011814,0.002187215785438832,0.002440848241073608
Asia,19/08/2022,1.2029743189141684,0.0021451539434111625,0.0025805651040410856
Asia,20/08/2022,1.293951762523191,0.0021241230223973274,0.0027485127286471095
Asia,21/08/2022,1.309824778396207,0.0021030921013834927,0.0027546821456414464
Asia,22/08/2022,1.7498247783962069,0.0024395868376048515,0.004268849497490212
Asia,23/08/2022,2.064110492681921,0.002544741442674026,0.005252627512985986
Asia,24/08/2022,2.364110492681921,0.0019979374963143177,0.004723344998759326
Asia,25/08/2022,1.9378066378066379,0.0019979374963143177,0.00387161654228066
Asia,26/08/2022,1.8229741019214705,0.001955875654286648,0.0035655106643432705
Asia,27/08/2022,1.7063074352548038,0.0016404118390791244,0.0027990469179007167
Asia,28/08/2022,1.6904344193817877,0.0015142263129961147,0.0025597002782222125
Asia,29/08/2022,1.550751879699248,0.0018507210492174732,0.0028700091458729615
Asia,30/08/2022,1.550751879699248,0.0018927828912451434,0.0029352366264609837
Asia,31/08/2022,1.175751879699248,0.0017665973651621338,0.0020770801727611177
Asia,01/09/2022,1.15771436166173,0.0018507210492174732,0.002142606338108734
Asia,02/09/2022,1.1751443001443,0.0017665973651621338,0.00207600682432022
Asia,03/09/2022,1.2703823953823954,0.001682473681106794,0.0021373849451722855
Asia,04/09/2022,1.3418109668109668,0.001682473681106794,0.0022575616366799136
Asia,05/09/2022,1.0957792207792207,0.001682473681106794,0.00184361969926475
Asia,06/09/2022,1.0957792207792207,0.0017876282861759689,0.001958845930468797
Asia,07/09/2022,0.9564935064935065,0.0017876282861759689,0.00170985484775143
Asia,08/09/2022,0.9694805194805196,0.0014931953919822799,0.0014476238443048989
Asia,09/09/2022,0.9824675324675326,0.0015352572340099496,0.0015083403864006844
Asia,10/09/2022,0.9569573283858999,0.0013670098658992702,0.0013081701091481328
Asia,11/09/2022,0.9998144712430427,0.0013670098658992702,0.0013667562462581016
Asia,12/09/2022,0.9521954236239951,0.0013670098658992702,0.0013016605383581363
Asia,13/09/2022,0.6664811379097093,0.001388040786913105,0.0009251030031269346
Asia,14/09/2022,0.7521954236239949,0.0010515460506917464,0.000790968127060217
Asia,15/09/2022,0.8937538651824367,0.0010515460506917464,0.0009398233472230748
Asia,16/09/2022,1.009013605442177,0.0011146388137332512,0.0011246857282107788
Asia,17/09/2022,1.0702380952380952,0.0010725769717055812,0.0011479127351944256
Asia,18/09/2022,1.0171768707482993,0.0010725769717055812,0.0010910004877161704
Asia,19/09/2022,1.0290816326530614,0.001093607892719416,0.0011254117957219707
Asia,20/09/2022,0.9576530612244899,0.0011987624977885909,0.00114799857568836
Asia,21/09/2022,1.3862244897959184,0.0007781440775118922,0.0010786823768366384
Asia,22/09/2022,1.5433673469387756,0.0007360822354842224,0.0011360452869080475
Asia,23/09/2022,1.3826530612244898,0.0007360822354842224,0.0010177463562052258
Asia,24/09/2022,1.239795918367347,0.0006309276304150478,0.0007822215009737584
Asia,25/09/2022,1.1785714285714286,0.0006309276304150478,0.0007435932787034493
Asia,26/09/2022,1.1428571428571428,0.0006098967094012129,0.0006970248107442432
Asia,27/09/2022,0.9285714285714286,0.0006098967094012129,0.0005663326587296976
Asia,28/09/2022,0.35714285714285715,0.0006098967094012129,0.00021782025335757602
Asia,29/09/2022,0.023809523809523808,0.0005257730253458732,1.2518405365377932e-05
Asia,30/09/2022,0.047619047619047616,0.0004626802623043683,2.2032393443065157e-05
Africa,26/05/2022,1.5714285714285714,0.0,0.0
Africa,27/05/2022,1.0,0.0,0.0
Africa,28/05/2022,0.42857142857142855,0.0011135511367347146,0.00047723620145773485
Africa,29/05/2022,0.0,0.0011135511367347146,0.0
Africa,30/05/2022,0.0,0.0011135511367347146,0.0
Africa,31/05/2022,0.0,0.0011135511367347146,0.0
Africa,01/06/2022,0.0,0.0011135511367347146,0.0
Africa,02/06/2022,0.14285714285714285,0.0011831480827806343,0.00016902115468294776
Africa,03/06/2022,0.7142857142857143,0.0024358931116071885,0.0017399236511479919
Africa,04/06/2022,1.2857142857142858,0.0024358931116071885,0.0031318625720663856
Africa,05/06/2022,1.8571428571428572,0.0021575053274235094,0.004006795608072232
Africa,06/06/2022,1.8571428571428572,0.0021575053274235094,0.004006795608072232
Africa,07/06/2022,1.8571428571428572,0.0021575053274235094,0.004006795608072232
Africa,08/06/2022,1.8571428571428572,0.0021575053274235094,0.004006795608072232
Africa,09/06/2022,1.7142857142857142,0.0021575053274235094,0.0036985805612974446
Africa,10/06/2022,1.7142857142857142,0.0032014595181123046,0.005488216316763951
Africa,11/06/2022,1.7142857142857142,0.0032014595181123046,0.005488216316763951
Africa,12/06/2022,1.2556390977443608,0.0023662961655612686,0.002971213982321292
Africa,13/06/2022,1.2556390977443608,0.0023662961655612686,0.002971213982321292
Africa,14/06/2022,1.2556390977443608,0.0023662961655612686,0.002971213982321292
Africa,15/06/2022,1.2556390977443608,0.0023662961655612686,0.002971213982321292
Africa,16/06/2022,1.2556390977443608,0.0023662961655612686,0.002971213982321292
Africa,17/06/2022,1.255639097744361,0.009256393824107315,0.011622689989668585
Africa,18/06/2022,1.255639097744361,0.009256393824107315,0.011622689989668585
Africa,19/06/2022,1.7142857142857142,0.009256393824107315,0.015868103698469683
Africa,20/06/2022,1.7142857142857142,0.009256393824107315,0.015868103698469683
Africa,21/06/2022,1.7142857142857142,0.009256393824107315,0.015868103698469683
Africa,22/06/2022,1.7142857142857142,0.009256393824107315,0.015868103698469683
Africa,23/06/2022,1.7142857142857142,0.009256393824107315,0.015868103698469683
Africa,24/06/2022,1.7142857142857142,0.011065914421301226,0.018970139007944958
Africa,25/06/2022,1.7142857142857142,0.010996317475255306,0.018850829957580525
Africa,26/06/2022,1.1803751803751805,0.009743572446428754,0.011501071083951979
Africa,27/06/2022,1.1803751803751805,0.009743572446428754,0.011501071083951979
Africa,28/06/2022,1.1803751803751805,0.009743572446428754,0.011501071083951979
Africa,29/06/2022,1.1803751803751805,0.009743572446428754,0.011501071083951979
Africa,30/06/2022,1.1803751803751805,0.009743572446428754,0.011501071083951979
Africa,01/07/2022,1.1803751803751805,0.011831480827806343,0.013965586316227402
Africa,02/07/2022,1.1803751803751805,0.011831480827806343,0.013965586316227402
Africa,03/07/2022,1.3076923076923077,0.010787526637117548,0.014106765602384486
Africa,04/07/2022,1.3076923076923077,0.010787526637117548,0.014106765602384486
Africa,05/07/2022,1.3076923076923077,0.010787526637117548,0.014106765602384486
Africa,06/07/2022,1.3076923076923077,0.010787526637117548,0.014106765602384486
Africa,07/07/2022,1.3076923076923077,0.010787526637117548,0.014106765602384486
Africa,08/07/2022,1.3076923076923077,0.012318659450127781,0.016109016204013255
Africa,09/07/2022,1.3076923076923077,0.012318659450127781,0.016109016204013255
Africa,10/07/2022,1.2476190476190474,0.0054285617915817335,0.006772777092354352
Africa,11/07/2022,1.2476190476190474,0.0054285617915817335,0.006772777092354352
Africa,12/07/2022,1.2476190476190474,0.0054285617915817335,0.006772777092354352
Africa,13/07/2022,1.2476190476190474,0.0054285617915817335,0.006772777092354352
Africa,14/07/2022,1.2476190476190474,0.0054285617915817335,0.006772777092354352
Africa,15/07/2022,1.2476190476190478,0.0069596946045919665,0.008683047554300456
Africa,16/07/2022,1.2476190476190478,0.0069596946045919665,0.008683047554300456
Africa,17/07/2022,1.2857142857142858,0.005150174007398055,0.006621652295226071
Africa,18/07/2022,1.2857142857142858,0.005150174007398055,0.006621652295226071
Africa,19/07/2022,1.2857142857142858,0.005150174007398055,0.006621652295226071
Africa,20/07/2022,1.2857142857142858,0.005150174007398055,0.006621652295226071
Africa,21/07/2022,1.2857142857142858,0.005150174007398055,0.006621652295226071
Africa,22/07/2022,1.2857142857142858,0.00626372514413277,0.008053360899599276
Africa,23/07/2022,1.2857142857142858,0.00626372514413277,0.008053360899599276
Africa,24/07/2022,1.2467532467532467,0.00417581676275518,0.005206213106811653
Africa,25/07/2022,1.2467532467532467,0.00417581676275518,0.005206213106811653
Africa,26/07/2022,1.2467532467532467,0.00417581676275518,0.005206213106811653
Africa,27/07/2022,1.2467532467532467,0.00417581676275518,0.005206213106811653
Africa,28/07/2022,1.2467532467532467,0.00417581676275518,0.005206213106811653
Africa,29/07/2022,1.2467532467532467,0.0069596946045919665,0.008677021844686088
Africa,30/07/2022,1.2467532467532467,0.0069596946045919665,0.008677021844686088
Africa,31/07/2022,1.5,0.0054285617915817335,0.0081428426873726
Africa,01/08/2022,1.5089285714285714,0.005498158737627653,0.008296328809456011
Africa,02/08/2022,1.5178571428571428,0.005498158737627653,0.008345419512470545
Africa,03/08/2022,1.6607142857142858,0.005498158737627653,0.009130870760703068
Africa,04/08/2022,1.6607142857142858,0.005498158737627653,0.009130870760703068
Africa,05/08/2022,1.6607142857142858,0.0069596946045919665,0.011558064254054517
Africa,06/08/2022,1.6607142857142858,0.0069596946045919665,0.011558064254054517
Africa,07/08/2022,1.3785714285714286,0.0054285617915817335,0.007483660184109104
Africa,08/08/2022,1.3696428571428572,0.0054285617915817335,0.007435190882398553
Africa,09/08/2022,1.3607142857142858,0.0054285617915817335,0.007386721580688002
Africa,10/08/2022,1.3607142857142858,0.005498158737627653,0.007481423139414771
Africa,11/08/2022,1.5035714285714286,0.005498158737627653,0.008266874387647293
Africa,12/08/2022,1.5035714285714286,0.013293016694770655,0.019987000101780165
Africa,13/08/2022,1.5035714285714286,0.013293016694770655,0.019987000101780165
Africa,14/08/2022,2.0,0.01217946555803594,0.02435893111607188
Africa,15/08/2022,2.0,0.01217946555803594,0.02435893111607188
Africa,16/08/2022,2.0,0.01217946555803594,0.02435893111607188
Africa,17/08/2022,1.8571428571428572,0.01217946555803594,0.02261900746492389
Africa,18/08/2022,1.7142857142857142,0.01217946555803594,0.020879083813775897
Africa,19/08/2022,1.7142857142857142,0.01447616477755129,0.024816282475802212
Africa,20/08/2022,1.7142857142857142,0.01447616477755129,0.024816282475802212
Africa,21/08/2022,1.1845764854614413,0.011692286935714504,0.013850408165315412
Africa,22/08/2022,1.1845764854614413,0.011692286935714504,0.013850408165315412
Africa,23/08/2022,1.1845764854614413,0.011692286935714504,0.013850408165315412
Africa,24/08/2022,1.1845764854614413,0.011622689989668583,0.013767965259569486
Africa,25/08/2022,1.1845764854614413,0.011622689989668583,0.013767965259569486
Africa,26/08/2022,1.1845764854614411,0.01642487926683704,0.01945652575603831
Africa,27/08/2022,1.1845764854614411,0.01642487926683704,0.01945652575603831
Africa,28/08/2022,1.4415584415584415,0.014963343399872727,0.02157053399202432
Africa,29/08/2022,1.45021645021645,0.015102537291964568,0.021901948020814414
Africa,30/08/2022,1.4588744588744587,0.015102537291964568,0.02203270591944614
Africa,31/08/2022,1.7445887445887445,0.015102537291964568,0.026347716574293162
Africa,01/09/2022,1.7445887445887445,0.015102537291964568,0.026347716574293162
Africa,02/09/2022,1.7445887445887445,0.018095205971939112,0.03156869266966001
Africa,03/09/2022,1.7445887445887445,0.018095205971939112,0.03156869266966001
Africa,04/09/2022,1.5369847543760586,0.01030034801479611,0.015831477863509323
Africa,05/09/2022,1.52832674571805,0.01030034801479611,0.015742297361216715
Africa,06/09/2022,1.5238095238095237,0.01043954190688795,0.015907873381924495
Africa,07/09/2022,1.380952380952381,0.01043954190688795,0.014416510252369074
Africa,08/09/2022,1.5238095238095237,0.01043954190688795,0.015907873381924495
Africa,09/09/2022,1.523809523809524,0.013153822802678817,0.020043920461224864
Africa,10/09/2022,1.5238095238095237,0.013153822802678817,0.020043920461224864
Africa,11/09/2022,1.5593355919442877,0.010857123583163467,0.01692989922936449
Africa,12/09/2022,1.5593355919442877,0.010857123583163467,0.01692989922936449
Africa,13/09/2022,1.5551948051948052,0.010857123583163467,0.016884942195893832
Africa,14/09/2022,1.4123376623376624,0.010857123583163467,0.015333924541156197
Africa,15/09/2022,1.4123376623376624,0.010996317475255306,0.015530513317324865
Africa,16/09/2022,1.4123376623376624,0.015868103698469683,0.022411120483228287
Africa,17/09/2022,1.4123376623376624,0.015868103698469683,0.022411120483228287
Africa,18/09/2022,1.5421245421245422,0.011065914421301226,0.017065018210138522
Africa,19/09/2022,1.5421245421245422,0.011065914421301226,0.017065018210138522
Africa,20/09/2022,1.5421245421245422,0.011065914421301226,0.017065018210138522
Africa,21/09/2022,1.684981684981685,0.010996317475255306,0.018528593548049234
Africa,22/09/2022,1.684981684981685,0.010996317475255306,0.018528593548049234
Africa,23/09/2022,1.684981684981685,0.01607689453660744,0.02708927284556565
Africa,24/09/2022,1.684981684981685,0.01607689453660744,0.02708927284556565
Africa,25/09/2022,1.5734126984126984,0.013014628910586978,0.020477382393046573
Africa,26/09/2022,1.5734126984126984,0.013014628910586978,0.020477382393046573
Africa,27/09/2022,1.575453514739229,0.013084225856632896,0.020613589613474197
Africa,28/09/2022,1.575453514739229,0.013084225856632896,0.020613589613474197
Africa,29/09/2022,1.575453514739229,0.012945031964541057,0.020394296106947877
Africa,30/09/2022,1.575453514739229,0.015102537291964568,0.023793345458105856
Europa,26/05/2022,4.0,0.0,0.0
Europa,27/05/2022,4.0,0.0,0.0
Europa,28/05/2022,3.8461538461538463,0.040930257525128494,0.15742406740434037
Europa,29/05/2022,3.331002331002331,0.04106445509078466,0.13678579562874424
Europa,30/05/2022,3.0187099721983444,0.061730880201833135,0.18634762365785504
Europa,31/05/2022,2.7907805982015543,0.06951433900989036,0.19399926860560746
Europa,01/06/2022,2.737870545291502,0.08038434182803923,0.22008192179363228
Europa,02/06/2022,2.56644197386293,0.09179113490881276,0.23557662145849192
Europa,03/06/2022,2.3319406261540356,0.10306373042393012,0.24033850005855034
Europa,04/06/2022,2.1356696839814537,0.1057476817370533,0.22584211803714396
Europa,05/06/2022,2.200182407030762,0.1057476817370533,0.23266418894215288
Europa,06/06/2022,2.151572510195651,0.1178254626461076,0.2535100264304496
Europa,07/06/2022,2.379501884192441,0.12520632875719634,0.29792869519056686
Europa,08/06/2022,2.082595087285644,0.13728410966625065,0.28590721235331723
Europa,09/06/2022,1.813436208780971,0.1430546049894655,0.2594204005207557
Europa,10/06/2022,1.6261688490068729,0.16479461062576325,0.2679838622838332
Europa,11/06/2022,1.5406992103317305,0.1623790544439524,0.25017728095621056
Europa,12/06/2022,1.519909431005366,0.15768213964598682,0.2396625711490405
Europa,13/06/2022,1.4613105528576154,0.18022733067622154,0.26336810023052154
Europa,14/06/2022,1.3720248385719012,0.19753881664586606,0.27102816302022875
Europa,15/06/2022,1.721841688388751,0.21310573426198048,0.366934337286973
Europa,16/06/2022,2.003051101392938,0.2263912932619402,0.453473329314101
Europa,17/06/2022,2.2182082386279975,0.26624797026181946,0.59059344115275
Europa,18/06/2022,2.4227454106396595,0.2594038944133553,0.6284695946920115
Europa,19/06/2022,2.4823001416229613,0.2560489552719514,0.6355903579339762
Europa,20/06/2022,2.5490179085419364,0.2997973616758592,0.7641888438453891
Europa,21/06/2022,2.507691377929691,0.32838144316062107,0.8234793136859984
Europa,22/06/2022,2.4288001199339555,0.32811304802930874,0.7969210104054808
Europa,23/06/2022,2.281299849984706,0.3583075003019445,0.817406846687221
Europa,24/06/2022,2.1518790315686718,0.39816417730182374,0.8568011442575854
Europa,25/06/2022,2.0490337155446885,0.3926620771099212,0.8045778348140368
Europa,26/06/2022,1.987028684052833,0.38138948159480385,0.7578318397249153
Europa,27/06/2022,1.8332351160782474,0.40125072131191536,0.7355869126607296
Europa,28/06/2022,1.6702427098134158,0.4684837017056511,0.7824814874402667
Europa,29/06/2022,1.5129376487907467,0.4690204919682757,0.7095987603531624
Europa,30/06/2022,1.4991810350341328,0.5087429714024987,0.7626978144335382
Europa,01/07/2022,1.3944795543928028,0.5210891474428654,0.7266481621250525
Europa,02/07/2022,1.280462345186914,0.51813680099843,0.663454663334095
Europa,03/07/2022,1.2199431827260039,0.49572580753385137,0.6047573194022651
Europa,04/07/2022,1.1935920527255048,0.5180026034327737,0.61828379074848
Europa,05/07/2022,1.22856434099053,0.618650777674893,0.7600522849774338
Europa,06/07/2022,1.464760660008935,0.6480400445535919,0.9492235633725388
Europa,07/07/2022,1.4979729882885278,0.6493820202101533,0.9727567253550445
Europa,08/07/2022,1.4740943459224904,0.6291181877960734,0.9273795635471954
Europa,09/07/2022,1.3746887725928667,0.6126118872203659,0.8421506833187644
Europa,10/07/2022,1.5945307006366871,0.7194331494826683,1.1471582439058576
Europa,11/07/2022,1.8885162133698337,0.741978340512903,1.4012381260278606
Europa,12/07/2022,2.1471485762675995,0.7983413180884898,1.7141574245092996
Europa,13/07/2022,2.1471485762675995,0.8190077431995384,1.7585313097630286
Europa,14/07/2022,2.0370758068418513,0.820483916421756,1.6713879360456108
Europa,15/07/2022,2.0282067103010393,0.8282673752298133,1.6798974483645361
Europa,16/07/2022,2.0509271642387774,0.7902894641491203,1.6208261296351383
Europa,17/07/2022,1.8467520018617218,0.7395627843310922,1.3657890524658733
Europa,18/07/2022,2.0856945539715337,0.8235704604318478,1.7177164241345333
Europa,19/07/2022,1.692461471264767,0.9244870298052793,1.5646586786294374
Europa,20/07/2022,1.320028094244234,0.9556208650375082,1.2614463892954884
Europa,21/07/2022,1.2937470009988552,0.9734691412697773,1.2594227820827053
Europa,22/07/2022,1.3640718408856947,0.9906464296737656,1.3513128989919343
Europa,23/07/2022,1.4261928577134781,0.9435430841284539,1.3456744075289484
Europa,24/07/2022,1.4084300528327691,0.9184481393507522,1.2935699614299385
Europa,25/07/2022,0.9601993844186146,0.9656856824617202,0.9272507978416135
Europa,26/07/2022,1.3534324671253815,1.0711649690674612,1.4497494467832568
Europa,27/07/2022,1.4940961213314157,1.106727323966343,1.6535570021096104
Europa,28/07/2022,1.5070829440492512,1.0562690392796275,1.5918850534256153
Europa,29/07/2022,1.4174531356143267,1.0264771797039602,1.4549832970079293
Europa,30/07/2022,1.3542534342332144,1.0050055691989748,1.361032243511218
Europa,31/07/2022,1.341008693400495,1.005139766764631,1.347901165313916
Europa,01/08/2022,1.3821464547217428,1.1374585665016037,1.5721343250830673
Europa,02/08/2022,1.3821464547217424,1.1009568286431284,1.5216835775107926
Europa,03/08/2022,1.6139161775362416,1.0825717621482347,1.7471800802749522
Europa,04/08/2022,1.6040025887974063,1.0700913885422119,1.716429357471519
Europa,05/08/2022,1.5751319150868284,1.0321134774615188,1.6257148783408881
Europa,06/08/2022,1.576194209159802,1.0019190251888832,1.5792189655497515
Europa,07/08/2022,1.5825631332754855,0.9736033388354335,1.5407887504748778
Europa,08/08/2022,1.6105351612475136,1.0769354643906761,1.7344424317956035
Europa,09/08/2022,1.6105351612475134,1.1609431404914314,1.8697397479705622
Europa,10/08/2022,1.2560699709160619,1.0848531207643894,1.3626514278467257
Europa,11/08/2022,1.1857450826065663,1.026208784572648,1.2168220200346784
Europa,12/08/2022,1.1903125263323973,1.0126548304413758,1.2053757295253795
Europa,13/08/2022,1.215042647071749,0.927573573815371,1.1270414504824307
Europa,14/08/2022,1.4168423958306204,0.9772266731081497,1.3845761807961374
Europa,15/08/2022,1.3864758158457193,0.9772266731081497,1.3549011488638198
Europa,16/08/2022,1.3864758158457196,1.003529395976757,1.3913692380120364
Europa,17/08/2022,1.249846386511123,0.9848759343505509,1.2309436277098018
Europa,18/08/2022,1.235860169220509,0.9083833219265403,1.122634765953222
Europa,19/08/2022,1.2532835316692907,0.8908034408255835,1.1164292823410433
Europa,20/08/2022,1.2523459906518712,0.8395399707449307,1.0513945163544032
Europa,21/08/2022,1.082260423913585,0.8140424332702605,0.8810059089147183
Europa,22/08/2022,1.0250191719909794,0.8744313378155321,0.8963088858506411
Europa,23/08/2022,0.5961277946113599,0.933478266704242,0.5564723404480346
Europa,24/08/2022,0.738016065071059,0.8055879866339225,0.5945368759640843
Europa,25/08/2022,0.7777501023877011,0.7042688245635224,0.5477451504127454
Europa,26/08/2022,1.0250245968323646,0.810284901431888,0.8305619544095733
Europa,27/08/2022,1.1600080626165314,0.7664022974623239,0.889032844264129
Europa,28/08/2022,1.255993120194548,0.7399653770280608,0.9293914227294091
Europa,29/08/2022,1.1582146329948046,0.7433203161694647,0.8609244671897988
Europa,30/08/2022,1.1475822008506145,0.7771381027148168,0.8918298542783403
Europa,31/08/2022,1.0809155341839478,0.7023900586443361,0.759224325445037
Europa,01/09/2022,1.0592630032487163,0.6267026316142625,0.6638429117075976
Europa,02/09/2022,0.7827433884744002,0.6128802823516781,0.47972798893709967
Europa,03/09/2022,0.5922411987229397,0.5706080491699881,0.33793759504139187
Europa,04/09/2022,0.47755285994234514,0.5677899002912088,0.27114969073044576
Europa,05/09/2022,0.5131521352582681,0.5677899002912088,0.29136259971251294
Europa,06/09/2022,0.4771234826279102,0.5247124817155817,0.250352646654472
Europa,07/09/2022,0.8929964985009261,0.5365218674933236,0.47911214904071586
Europa,08/09/2022,1.020465677714991,0.5169290229075244,0.527508325691875
Europa,09/09/2022,1.0181819070638733,0.48512419984701477,0.4939446829630691
Europa,10/09/2022,1.0166468862852152,0.45613752566528437,0.4637307951854538
Europa,11/09/2022,1.1262266550170004,0.45479555000872285,0.5122028710029408
Europa,12/09/2022,1.655134577929206,0.45479555000872285,0.7527478407077686
Europa,13/09/2022,1.8151680267226336,0.48270864366520394,0.8761972962037271
Europa,14/09/2022,1.3799162281614823,0.4299690003623334,0.5933212012063541
Europa,15/09/2022,1.243657805433431,0.37441120818068363,0.4656394214956685
Europa,16/09/2022,1.2817783484666319,0.3852812109988325,0.49384511432930744
Europa,17/09/2022,1.3172339246222176,0.3701168860796865,0.4875305184196997
Europa,18/09/2022,1.284596996333115,0.25994068467597997,0.3339190227595372
Europa,19/09/2022,1.0045969963331154,0.2736288363729082,0.2748867071303491
Europa,20/09/2022,0.854598768314545,0.2887931612920542,0.24680227993785323
Europa,21/09/2022,0.8755648525899817,0.2993947689788907,0.2621395367672141
Europa,22/09/2022,0.8652628199845795,0.2670531556557564,0.23107116654848064
Europa,23/09/2022,0.8613025717970803,0.2415556181810862,0.2080524751714031
Europa,24/09/2022,0.8289272379018983,0.23323536911040432,0.19333515029771717
Europa,25/09/2022,0.7275093321361663,0.23323536911040432,0.1696809076120425
Europa,26/09/2022,0.5384110545272505,0.2467893232416764,0.13287409977261747
Europa,27/09/2022,0.7157077445281147,0.22625709569628408,0.1619339556442693
Europa,28/09/2022,0.8960999013908596,0.22827005918112644,0.2045527775226931
Europa,29/09/2022,0.9509612070787276,0.19713622394889757,0.187468901485386
Europa,30/09/2022,0.9271722439273702,0.19297609941355662,0.17892208311761856
America do Sul,26/05/2022,0.0,0.0,0.0
America do Sul,27/05/2022,0.0,0.0,0.0
America do Sul,28/05/2022,0.0,0.0,0.0
America do Sul,29/05/2022,0.0,0.0,0.0
America do Sul,30/05/2022,0.0,0.0,0.0
America do Sul,31/05/2022,0.0,0.0,0.0
America do Sul,01/06/2022,0.0,0.0,0.0
America do Sul,02/06/2022,0.0,0.0,0.0
America do Sul,03/06/2022,0.2857142857142857,0.00045354725373339405,0.00012958492963811258
America do Sul,04/06/2022,0.5714285714285714,0.00045354725373339405,0.00025916985927622516
America do Sul,05/06/2022,0.8571428571428571,0.00045354725373339405,0.0003887547889143377
America do Sul,06/06/2022,0.8571428571428571,0.00045354725373339405,0.0003887547889143377
America do Sul,07/06/2022,0.8571428571428571,0.00045354725373339405,0.0003887547889143377
America do Sul,08/06/2022,0.8571428571428571,0.00045354725373339405,0.0003887547889143377
America do Sul,09/06/2022,0.8571428571428571,0.00045354725373339405,0.0003887547889143377
America do Sul,10/06/2022,0.7142857142857143,0.0006803208806000911,0.0004859434861429222
America do Sul,11/06/2022,0.5714285714285714,0.0006803208806000911,0.00038875478891433777
America do Sul,12/06/2022,0.42857142857142855,0.0009070945074667881,0.0003887547889143377
America do Sul,13/06/2022,0.5714285714285714,0.0011338681343334852,0.000647924648190563
America do Sul,14/06/2022,0.7857142857142857,0.0013606417612001822,0.0010690756695144288
America do Sul,15/06/2022,1.2142857142857142,0.001587415388066879,0.0019275758283669243
America do Sul,16/06/2022,1.7857142857142858,0.002040962641800273,0.0036445761460719163
America do Sul,17/06/2022,2.2142857142857144,0.0022677362686669704,0.005021416023476864
America do Sul,18/06/2022,2.642857142857143,0.0027212835224003644,0.007191963594915249
America do Sul,19/06/2022,2.9285714285714284,0.0027212835224003644,0.007969473172743925
America do Sul,20/06/2022,3.2142857142857144,0.0029480571492670614,0.009475897979786983
America do Sul,21/06/2022,3.0714285714285716,0.0029480571492670614,0.009054746958463119
America do Sul,22/06/2022,2.857142857142857,0.0034016044030004554,0.009718869722858445
America do Sul,23/06/2022,2.523809523809524,0.004081925283600546,0.01030200190622995
America do Sul,24/06/2022,2.238095238095238,0.004308698910467244,0.009643278513902879
America do Sul,25/06/2022,2.130952380952381,0.006349661552267516,0.013530826403046254
America do Sul,26/06/2022,2.130952380952381,0.006349661552267516,0.013530826403046254
America do Sul,27/06/2022,2.0452380952380955,0.006576435179134214,0.013450375759229263
America do Sul,28/06/2022,2.3071428571428574,0.007483529686601002,0.017265572062658028
America do Sul,29/06/2022,2.4261904761904765,0.007937076940334397,0.019256860481430358
America do Sul,30/06/2022,2.75952380952381,0.011565454970201549,0.03191514835824666
America do Sul,01/07/2022,3.0452380952380955,0.012472549477668337,0.03798188281413763
America do Sul,02/07/2022,3.1523809523809527,0.01700802201500228,0.05361576463776909
America do Sul,03/07/2022,3.295238095238095,0.01836866377620246,0.06052912063396239
America do Sul,04/07/2022,3.380952380952381,0.021089947298602824,0.07130410753337145
America do Sul,05/07/2022,3.4761904761904767,0.024718325328469976,0.08592560709420517
America do Sul,06/07/2022,3.5,0.024718325328469976,0.08651413864964491
America do Sul,07/07/2022,3.5,0.0308412132538708,0.1079442463885478
America do Sul,08/07/2022,3.5,0.038778290194205194,0.13572401567971817
America do Sul,09/07/2022,3.5,0.05465244407487398,0.19128355426205895
America do Sul,10/07/2022,3.5,0.054425670448007286,0.1904898465680255
America do Sul,11/07/2022,3.3857142857142857,0.057600501224141044,0.19501883985887752
America do Sul,12/07/2022,3.086175115207373,0.06032178474654141,0.18616359098967178
America do Sul,13/07/2022,2.8352593642916224,0.06032178474654141,0.1710279050734151
America do Sul,14/07/2022,2.4027196817519396,0.06531080453760874,0.1569235554935664
America do Sul,15/07/2022,2.3789101579424154,0.08572043095561148,0.20392120394350563
America do Sul,16/07/2022,2.192574754215708,0.08730784634367836,0.1914289797380934
America do Sul,17/07/2022,2.0079593696003237,0.10386232110494724,0.20855132081111627
America do Sul,18/07/2022,1.7819089494322558,0.10182135846314697,0.18143638988883135
America do Sul,19/07/2022,1.7904428289338774,0.10817102001541448,0.1936740270850618
America do Sul,20/07/2022,1.762137800628849,0.11202617167214833,0.19740555176322933
America do Sul,21/07/2022,1.9701876872501642,0.11565454970201548,0.22786116979737306
America do Sul,22/07/2022,1.9939972110596884,0.16599829486642223,0.33100013700430975
America do Sul,23/07/2022,2.1803326147863964,0.1662250684932889,0.36242593823102043
America do Sul,24/07/2022,2.096625018035321,0.16599829486642223,0.34803617796814507
America do Sul,25/07/2022,2.031431198572052,0.1614628223290883,0.32800061468880615
America do Sul,26/07/2022,2.046462463603317,0.20182852791136036,0.41303450645491335
America do Sul,27/07/2022,2.2916696373819194,0.20024111252329346,0.4588864777252081
America do Sul,28/07/2022,2.2359396530805067,0.20137498065762693,0.45026230439070813
America do Sul,29/07/2022,2.2359396530805067,0.2712212577325696,0.6064343649226204
America do Sul,30/07/2022,2.2359396530805067,0.2712212577325696,0.6064343649226204
America do Sul,31/07/2022,2.117130682429518,0.26328418079223526,0.5574070173535617
America do Sul,01/08/2022,2.112698950522814,0.24809034779216654,0.5241402174153502
America do Sul,02/08/2022,2.2141999085811492,0.3451494600911129,0.7642299029805752
America do Sul,03/08/2022,2.46249922830904,0.3687339172852494,0.908006986766296
America do Sul,04/08/2022,2.6142995556412822,0.3739497107031834,0.9776165625235184
America do Sul,05/08/2022,2.172946172182636,0.3778048623599172,0.8209496294969698
America do Sul,06/08/2022,1.8056954983281883,0.42950924928552414,0.7755629179251906
America do Sul,07/08/2022,1.7442730285769292,0.41340832177798864,0.721096985466598
America do Sul,08/08/2022,1.8339004525622438,0.41136735913618844,0.754406786089191
America do Sul,09/08/2022,1.8511461324813159,0.5351857594054049,0.9907070486823913
America do Sul,10/08/2022,1.8511461324813159,0.5814475792862112,1.076344437636293
America do Sul,11/08/2022,1.7438842160469317,0.6190920013460829,1.0796247694283396
America do Sul,12/08/2022,1.7460745925306362,0.6404087222715524,1.1182013987933663
America do Sul,13/08/2022,1.6609851536676123,0.6762389553164906,1.1232228651123868
America do Sul,14/08/2022,1.789968972628723,0.6288432673013509,1.1256099371158883
America do Sul,15/08/2022,1.9108690053299637,0.6914327883165593,1.321237484462987
America do Sul,16/08/2022,1.8842110744931666,0.7331591356600315,1.3814265627764692
America do Sul,17/08/2022,1.6604715786948474,0.7744319357497704,1.285922218946128
America do Sul,18/08/2022,1.4704742653287413,0.7973360720633068,1.1724621747873953
America do Sul,19/08/2022,1.4543991770655877,0.8422372501829127,1.2249491635600118
America do Sul,20/08/2022,1.4287280853012663,0.8776139359741175,1.253871678378009
America do Sul,21/08/2022,1.288198241680292,0.8116228105559086,1.045531077465738
America do Sul,22/08/2022,1.1166742109703427,0.8052731490036412,0.8992277582792443
America do Sul,23/08/2022,1.1890841199676927,0.9544901954819277,1.134969134112419
America do Sul,24/08/2022,1.085957066677241,0.9925881647955329,1.0779081318599026
America do Sul,25/08/2022,1.2299618676913877,0.9345341163176585,1.1494413271273878
America do Sul,26/08/2022,1.2007372956873594,0.9204741514519232,1.1052476433644993
America do Sul,27/08/2022,1.2314202558943428,0.9894133340193991,1.2183836209634433
America do Sul,28/08/2022,1.2610331570812707,1.0454264198554735,1.3183173787265177
America do Sul,29/08/2022,1.3327838778408203,0.9887330131387991,1.3177674194003675
America do Sul,30/08/2022,1.1979291766851208,1.0393035319300725,1.24501202433093
America do Sul,31/08/2022,1.5247957257738922,1.163802253079889,1.7745607011422404
America do Sul,01/09/2022,1.4570287971502427,1.0817102001541448,1.5760829117957418
America do Sul,02/09/2022,1.5493211347220364,1.088966956213879,1.6871595202760892
America do Sul,03/09/2022,1.5214074894123264,1.0857921254377454,1.651932271585914
America do Sul,04/09/2022,1.528640869464321,1.0603934792286753,1.6209608100624187
America do Sul,05/09/2022,1.4449711803319853,1.0200277736464032,1.4739107360572503
America do Sul,06/09/2022,1.3488325817855547,1.1071088463632148,1.493304483557722
America do Sul,07/09/2022,0.998548759647428,1.1622148376918222,1.1605281846210058
America do Sul,08/09/2022,1.0987613914436962,1.1681109519903563,1.2834752149695445
America do Sul,09/09/2022,1.0778334843382071,1.1565454970201547,1.2465634628488969
America do Sul,10/09/2022,1.0348787416576528,1.102573373825881,1.1410297456901606
America do Sul,11/09/2022,0.9447229451614781,1.1120978661542822,1.0506243714210688
America do Sul,12/09/2022,0.9740498775234246,1.0857921254377454,1.057615686798535
America do Sul,13/09/2022,1.0424242603357148,1.114592376049816,1.1618781331795562
America do Sul,14/09/2022,1.3416876743105763,1.2180011499010297,1.63417713011832
America do Sul,15/09/2022,1.3188070092744244,1.1218491321095503,1.4795024987745047
America do Sul,16/09/2022,1.3184598678989825,1.1604006486768887,1.5299416859644244
America do Sul,17/09/2022,1.377721706734489,1.19532378721436,1.6468235282213013
America do Sul,18/09/2022,1.4542810190696633,1.2184546971547632,1.771975538668447
America do Sul,19/09/2022,1.5789683411667184,1.1556384025126882,1.8247164514040157
America do Sul,20/09/2022,1.5171462258441066,1.1075623936169483,1.680334105362818
America do Sul,21/09/2022,1.2735992295808127,1.2375036818115657,1.5760837357586293
America do Sul,22/09/2022,1.2628382880360534,1.2472549477668338,1.5750813029823656
America do Sul,23/09/2022,1.3291602014167903,1.1635754794530226,1.5465782186334178
America do Sul,24/09/2022,1.3347457125497064,1.1556384025126882,1.5424834030116026
America do Sul,25/09/2022,1.2722871604634947,1.1288791145424177,1.4362584031477168
America do Sul,26/09/2022,1.1307329407983846,1.0937292023780798,1.2367156374420376
America do Sul,27/09/2022,1.0889137288748187,1.1277452464080844,1.2280172814870784
America do Sul,28/09/2022,0.9880171082753092,1.2406785125876993,1.2258115963062106
America do Sul,29/09/2022,1.1119258543964448,1.183304784990425,1.3157471840618797
America do Sul,30/09/2022,1.0556024753131479,1.0991717694228804,1.1602884405971252
America do Norte,26/05/2022,0.0,0.0,0.0
America do Norte,27/05/2022,0.0,0.0,0.0
America do Norte,28/05/2022,0.0,0.0,0.0
America do Norte,29/05/2022,0.0,0.0,0.0
America do Norte,30/05/2022,0.0,0.0,0.0
America do Norte,31/05/2022,0.0,0.0,0.0
America do Norte,01/06/2022,0.0,0.0,0.0
America do Norte,02/06/2022,0.0,0.0,0.0
America do Norte,03/06/2022,0.5714285714285714,0.012622300543578881,0.00721274316775936
America do Norte,04/06/2022,1.1428571428571428,0.01622867212745856,0.01854705385995264
America do Norte,05/06/2022,1.7142857142857142,0.01688437605180032,0.02894464466022912
America do Norte,06/06/2022,2.2857142857142856,0.01688437605180032,0.03859285954697216
America do Norte,07/06/2022,2.857142857142857,0.01688437605180032,0.048241074433715204
America do Norte,08/06/2022,3.4285714285714284,0.018687561843740163,0.06407164060710913
America do Norte,09/06/2022,4.0,0.02278571137087616,0.09114284548350464
America do Norte,10/06/2022,4.0,0.02475282314390144,0.09901129257560576
America do Norte,11/06/2022,4.0,0.026556008935841285,0.10622403574336514
America do Norte,12/06/2022,3.471243042671614,0.026556008935841285,0.09218236125966428
America do Norte,13/06/2022,2.9200164914450633,0.0270477868790976,0.07897998374405639
America do Norte,14/06/2022,2.3721662834006803,0.029342750614293762,0.06960588366946226
America do Norte,15/06/2022,2.135902547136944,0.036555493782053125,0.07807897228093598
America do Norte,16/06/2022,2.135902547136944,0.0385226055550784,0.08228053132744374
America do Norte,17/06/2022,2.135902547136944,0.042292903120043523,0.09033351949991697
America do Norte,18/06/2022,1.7827279439623405,0.04557142274175232,0.08124144876784276
America do Norte,19/06/2022,1.9335087108145361,0.049177794325632004,0.09508569370725514
America do Norte,20/06/2022,2.0412828810887063,0.04934172030671744,0.1007204089855693
America do Norte,21/06/2022,2.160561660561661,0.04934172030671744,0.10660582916085046
America do Norte,22/06/2022,1.8662131519274379,0.04983349824997377,0.092999929840654
America do Norte,23/06/2022,1.8241963452047487,0.05966905711510016,0.10884807591117912
America do Norte,24/06/2022,1.503353253869854,0.06688180028285953,0.1005469720799106
America do Norte,25/06/2022,1.5238747958199672,0.06901283803697024,0.10516692447254448
America do Norte,26/06/2022,1.476896194252758,0.06032476103944192,0.08909340999835882
America do Norte,27/06/2022,1.4580109128674767,0.05753801936098945,0.08389106013310278
America do Norte,28/06/2022,1.385483440340004,0.057374093379904,0.07949085628237804
America do Norte,29/06/2022,1.6436704360685284,0.07081602382891009,0.11639820476750394
America do Norte,30/06/2022,1.6856872427912175,0.08147121259946369,0.13733498373364705
America do Norte,01/07/2022,2.006530334126112,0.08868395576722304,0.17794704739723138
America do Norte,02/07/2022,2.160045073355137,0.09327388323761537,0.20147579196011337
America do Norte,03/07/2022,2.163104004250339,0.09196247538893185,0.1989243987545717
America do Norte,04/07/2022,2.1236101647564993,0.09015928959699201,0.19146318383539715
America do Norte,05/07/2022,2.196137637283972,0.1027815901405709,0.22572251852760297
America do Norte,06/07/2022,2.3597193490384414,0.11196144508135554,0.2641975883047795
America do Norte,07/07/2022,2.3597193490384414,0.12622300543578882,0.29785086822061524
America do Norte,08/07/2022,2.134322523641616,0.12851796917098499,0.2742987962943121
America do Norte,09/07/2022,1.9906037027799377,0.14327130746867459,0.2851963951492666
America do Norte,10/07/2022,1.9542251650596774,0.13950100990370945,0.2726163841050683
America do Norte,11/07/2022,1.9729848254378346,0.13704212018742787,0.27038202357562313
America do Norte,12/07/2022,1.923239927478651,0.14458271531735808,0.2780672509216222
America do Norte,13/07/2022,2.032083464893617,0.17769576349661698,0.36109262278312215
America do Norte,14/07/2022,2.0320834648936166,0.18818702628608514,0.382411744423454
America do Norte,15/07/2022,2.1125223070971653,0.21048095971370495,0.4446457226144215
America do Norte,16/07/2022,2.2666030786462907,0.2768709820533082,0.6275566203098503
America do Norte,17/07/2022,2.5505655509092446,0.2699860908477197,0.6886172225408476
America do Norte,18/07/2022,2.7211031832766563,0.26883860898012163,0.7315375946834772
America do Norte,19/07/2022,2.9467409383786967,0.32211455283288964,0.9491881396802235
America do Norte,20/07/2022,2.9467409383786967,0.3575225647473447,1.0535263779351487
America do Norte,21/07/2022,2.9467409383786967,0.37998042415604993,1.1197038716431338
America do Norte,22/07/2022,2.827206167948785,0.40456932131886597,1.1438008805955517
America do Norte,23/07/2022,2.726046505141664,0.44882933621193477,1.2235296433855976
America do Norte,24/07/2022,2.530196573900582,0.4406330371576628,1.1148882009637262
America do Norte,25/07/2022,2.3440139309762493,0.43194496016013445,1.0124850040303361
America do Norte,26/07/2022,2.097635453842822,0.4807949025235956,1.0085324335603978
America do Norte,27/07/2022,1.8167535450539363,0.588986050039986,1.0700424943974598
America do Norte,28/07/2022,1.6726959220047166,0.5937399034914637,0.9931463153016453
America do Norte,29/07/2022,1.8196291518183814,0.7584855144823309,1.3801623533840124
America do Norte,30/07/2022,1.8159233348268802,0.7927460445291878,1.4395660408522613
America do Norte,31/07/2022,1.9456611984552061,0.7832383376262323,1.5239164426619185
America do Norte,01/08/2022,1.93558839598982,0.7665178875555174,1.483663128471089
America do Norte,02/08/2022,1.934645444551819,0.8134007181459534,1.573641993956247
America do Norte,03/08/2022,2.0504013029205366,0.9242146813597107,1.8950109868382394
America do Norte,04/08/2022,2.194458925969756,1.006997301807858,2.2098142173797144
America do Norte,05/08/2022,1.970171107931938,1.0215867141244623,2.01270062841514
America do Norte,06/08/2022,1.8621917712376148,1.1019104448563277,2.051968563052233
America do Norte,07/08/2022,1.6306407459398726,1.1492850533900199,1.8740710367574482
America do Norte,08/08/2022,1.6627894737745972,1.0730594721852902,1.7842719950838257
America do Norte,09/08/2022,1.6372124307303053,1.0748626579772302,1.7597785049681378
America do Norte,10/08/2022,1.8023384811504735,1.3168174060593396,2.3733506835894964
America do Norte,11/08/2022,1.8023384811504732,1.3543564557279055,2.4410087573529715
America do Norte,12/08/2022,2.0109312802293116,1.4666457527714318,2.9493238212635378
America do Norte,13/08/2022,1.9978400376035588,1.5127089534564404,3.022150512456655
America do Norte,14/08/2022,2.0210994777442153,1.474842051825704,2.980802500700137
America do Norte,15/08/2022,1.9688971546116594,1.4200907741431668,2.7960126845007496
America do Norte,16/08/2022,1.969580723782886,1.4869725744260265,2.9287125193833146
America do Norte,17/08/2022,1.5879979481064237,1.6330306235731533,2.593249279429121
America do Norte,18/08/2022,1.5879979481064237,1.7254848769053415,2.740066444014347
America do Norte,19/08/2022,1.3885243494511337,1.7387628813732623,2.4143145987085877
America do Norte,20/08/2022,1.3678277798089364,1.8290860969513398,2.501874775072344
America do Norte,21/08/2022,1.312593836016958,1.6551606310196878,2.172553641894381
America do Norte,22/08/2022,1.3195023276352096,1.6043435768832015,2.1169350840239822
America do Norte,23/08/2022,1.2735050958284133,1.6046714288453725,2.043557241764843
America do Norte,24/08/2022,1.574709620913859,1.8426919533814312,2.901704747370292
America do Norte,25/08/2022,1.5747096209138587,1.8879355241610125,2.972950233561395
America do Norte,26/08/2022,1.6262117086978056,1.8807227809932534,3.0584534072659273
America do Norte,27/08/2022,1.5811862123875218,1.8666251466199053,2.9514819455312304
America do Norte,28/08/2022,1.5779871595511867,1.8187587601429571,2.869977969826823
America do Norte,29/08/2022,1.5592227758588657,1.727943766621623,2.694249276319791
America do Norte,30/08/2022,1.5973307753084842,1.7199113935484367,2.74726739971862
America do Norte,31/08/2022,1.3593107575012324,1.849412918605934,2.5139268753227975
America do Norte,01/09/2022,1.3593107575012324,1.8992464168559078,2.5816660855779054
America do Norte,02/09/2022,1.2366264161715372,1.754335849576379,2.1694580544228868
America do Norte,03/09/2022,1.227247987380666,1.7446642166923383,2.1411356485907387
America do Norte,04/09/2022,1.2231609110698358,1.5961472778289294,1.9523449585508716
America do Norte,05/09/2022,1.2364070788451962,1.5271344397919593,1.8881598317070716
America do Norte,06/09/2022,1.2615639589442758,1.6092613563157645,2.030186127649751
America do Norte,07/09/2022,1.16019103344404,1.6115563200509606,1.869713192413198
America do Norte,08/09/2022,1.16019103344404,1.7200753195295222,1.9956159625665435
America do Norte,09/09/2022,1.207508491837754,1.683519825747469,2.032864485767285
America do Norte,10/09/2022,1.296240855577328,1.5804103836447274,2.0485925078589347
America do Norte,11/09/2022,1.313215929760273,1.4615640473577833,1.919349189355139
America do Norte,12/09/2022,1.2944445563528864,1.353864677784649,1.7525027621967935
America do Norte,13/09/2022,1.2330717893135683,1.353864677784649,1.6694123407243548
America do Norte,14/09/2022,1.1772030162426255,1.410419141259126,1.6603496672565767
America do Norte,15/09/2022,0.9697471255198026,1.5627063776874996,1.5154300177939157
America do Norte,16/09/2022,1.1481140328057715,1.3487829723710005,1.548556657788625
America do Norte,17/09/2022,1.0875219452771845,1.3169813320404251,1.4322461001143407
America do Norte,18/09/2022,1.052203456287001,1.2125604820889997,1.2758603302110778
America do Norte,19/09/2022,1.0535504588892337,1.1327285293003906,1.1933866618413533
America do Norte,20/09/2022,1.1108381787853248,1.195840032018285,1.3283847632857761
America do Norte,21/09/2022,1.5864781457547714,1.3637002366497755,2.1634806228054786
America do Norte,22/09/2022,1.7939340364775944,1.306162217288786,2.3431688587553965
America do Norte,23/09/2022,1.8982684401516898,1.202888849204959,2.2834059394561588
America do Norte,24/09/2022,1.8139721401551137,1.1868241030585855,2.1528658582128557
America do Norte,25/09/2022,1.810171024564264,1.0887963663694926,1.9709076340529121
America do Norte,26/09/2022,1.8052558383212767,1.003718782186149,1.8119691915742675
America do Norte,27/09/2022,1.9100318988356124,1.1009268889698152,2.1028054762181996
America do Norte,28/09/2022,1.7400008429349914,1.1732182466284942,2.0414007380802923
America do Norte,29/09/2022,1.6186650358848989,1.120270154737897,1.8133421302195993
America do Norte,30/09/2022,1.1945337475799485,1.1348595670545012,1.3556280516105712
