date,England,Portugal,Spain,United States,Canada,Sweden,Italy,France,Belgium,Australia,Germany,Netherlands,Israel,Switzerland,Austria,Argentina,Denmark,Slovenia,Scotland,Czech Republic,United Arab Emirates,Finland,Wales,Northern Ireland,Malta,Ireland,Mexico,Brazil,Hungary,Norway,Gibraltar,Morocco,Latvia,Bahamas,Ghana,Greece,Iceland,Poland,Venezuela,Romania,Georgia,Luxembourg,Chile,Serbia,Lebanon,South Korea,Singapore,South Africa,Taiwan,Colombia,Croatia,Bulgaria,Peru,Benin,Estonia,Puerto Rico,Turkey,Panama,Dominican Republic,Ecuador,Jamaica,Slovakia,New Zealand,Russia,India,Bosnia And Herzegovina,Saudi Arabia,Martinique,Barbados,Costa Rica,Qatar,Bermuda,Japan,Guadeloupe,Andorra,Thailand,New Caledonia,Philippines,Sudan,Uruguay,Montenegro,Bolivia,Cyprus,Lithuania,Guatemala,Saint Martin (French part),Greenland,Moldova,Honduras,Monaco,Iran,Indonesia,Cura√ßao,Aruba,Cuba,Guyana,Paraguay,El Salvador,Hong Kong,South Sudan,Egypt,Nigeria,Central African Republic,Republic of Congo,Cameroon,Democratic Republic Of The Congo,Liberia
2022-01-31,0,0,0,0,0,0,0,0,0,0,0,0,0,0,0,0,0,0,0,0,0,0,0,0,0,0,0,0,0,0,0,0,0,0,0,0,0,0,0,0,0,0,0,0,0,0,0,0,0,0,0,0,0,0,0,0,0,0,0,0,0,0,0,0,0,0,0,0,0,0,0,0,0,0,0,0,0,0,0,0,0,0,0,0,0,0,0,0,0,0,0,0,0,0,0,0,0,0,0,0,0,3,0,0,0,0,0
2022-02-01,0,0,0,0,0,0,0,0,0,0,0,0,0,0,0,0,0,0,0,0,0,0,0,0,0,0,0,0,0,0,0,0,0,0,0,0,0,0,0,0,0,0,0,0,0,0,0,0,0,0,0,0,0,0,0,0,0,0,0,0,0,0,0,0,0,0,0,0,0,0,0,0,0,0,0,0,0,0,0,0,0,0,0,0,0,0,0,0,0,0,0,0,0,0,0,0,0,0,0,0,0,3,0,0,0,0,0
2022-02-02,0,0,0,0,0,0,0,0,0,0,0,0,0,0,0,0,0,0,0,0,0,0,0,0,0,0,0,0,0,0,0,0,0,0,0,0,0,0,0,0,0,0,0,0,0,0,0,0,0,0,0,0,0,0,0,0,0,0,0,0,0,0,0,0,0,0,0,0,0,0,0,0,0,0,0,0,0,0,0,0,0,0,0,0,0,0,0,0,0,0,0,0,0,0,0,0,0,0,0,0,0,3,0,0,0,0,0
2022-02-03,0,0,0,0,0,0,0,0,0,0,0,0,0,0,0,0,0,0,0,0,0,0,0,0,0,0,0,0,0,0,0,0,0,0,0,0,0,0,0,0,0,0,0,0,0,0,0,0,0,0,0,0,0,0,0,0,0,0,0,0,0,0,0,0,0,0,0,0,0,0,0,0,0,0,0,0,0,0,0,0,0,0,0,0,0,0,0,0,0,0,0,0,0,0,0,0,0,0,0,0,0,3,0,0,0,0,0
2022-02-04,0,0,0,0,0,0,0,0,0,0,0,0,0,0,0,0,0,0,0,0,0,0,0,0,0,0,0,0,0,0,0,0,0,0,0,0,0,0,0,0,0,0,0,0,0,0,0,0,0,0,0,0,0,0,0,0,0,0,0,0,0,0,0,0,0,0,0,0,0,0,0,0,0,0,0,0,0,0,0,0,0,0,0,0,0,0,0,0,0,0,0,0,0,0,0,0,0,0,0,0,0,3,0,0,0,0,0
2022-02-05,0,0,0,0,0,0,0,0,0,0,0,0,0,0,0,0,0,0,0,0,0,0,0,0,0,0,0,0,0,0,0,0,0,0,0,0,0,0,0,0,0,0,0,0,0,0,0,0,0,0,0,0,0,0,0,0,0,0,0,0,0,0,0,0,0,0,0,0,0,0,0,0,0,0,0,0,0,0,0,0,0,0,0,0,0,0,0,0,0,0,0,0,0,0,0,0,0,0,0,0,0,3,0,0,0,0,0
2022-02-06,0,0,0,0,0,0,0,0,0,0,0,0,0,0,0,0,0,0,0,0,0,0,0,0,0,0,0,0,0,0,0,0,0,0,0,0,0,0,0,0,0,0,0,0,0,0,0,0,0,0,0,0,0,0,0,0,0,0,0,0,0,0,0,0,0,0,0,0,0,0,0,0,0,0,0,0,0,0,0,0,0,0,0,0,0,0,0,0,0,0,0,0,0,0,0,0,0,0,0,0,0,3,0,0,0,0,0
2022-02-07,0,0,0,0,0,0,0,0,0,0,0,0,0,0,0,0,0,0,0,0,0,0,0,0,0,0,0,0,0,0,0,0,0,0,0,0,0,0,0,0,0,0,0,0,0,0,0,0,0,0,0,0,0,0,0,0,0,0,0,0,0,0,0,0,0,0,0,0,0,0,0,0,0,0,0,0,0,0,0,0,0,0,0,0,0,0,0,0,0,0,0,0,0,0,0,0,0,0,0,0,0,3,0,0,0,0,0
2022-02-08,0,0,0,0,0,0,0,0,0,0,0,0,0,0,0,0,0,0,0,0,0,0,0,0,0,0,0,0,0,0,0,0,0,0,0,0,0,0,0,0,0,0,0,0,0,0,0,0,0,0,0,0,0,0,0,0,0,0,0,0,0,0,0,0,0,0,0,0,0,0,0,0,0,0,0,0,0,0,0,0,0,0,0,0,0,0,0,0,0,0,0,0,0,0,0,0,0,0,0,0,0,3,0,0,0,0,0
2022-02-09,0,0,0,0,0,0,0,0,0,0,0,0,0,0,0,0,0,0,0,0,0,0,0,0,0,0,0,0,0,0,0,0,0,0,0,0,0,0,0,0,0,0,0,0,0,0,0,0,0,0,0,0,0,0,0,0,0,0,0,0,0,0,0,0,0,0,0,0,0,0,0,0,0,0,0,0,0,0,0,0,0,0,0,0,0,0,0,0,0,0,0,0,0,0,0,0,0,0,0,0,0,3,0,0,0,0,0
2022-02-10,0,0,0,0,0,0,0,0,0,0,0,0,0,0,0,0,0,0,0,0,0,0,0,0,0,0,0,0,0,0,0,0,0,0,0,0,0,0,0,0,0,0,0,0,0,0,0,0,0,0,0,0,0,0,0,0,0,0,0,0,0,0,0,0,0,0,0,0,0,0,0,0,0,0,0,0,0,0,0,0,0,0,0,0,0,0,0,0,0,0,0,0,0,0,0,0,0,0,0,0,0,3,0,0,0,0,0
2022-02-11,0,0,0,0,0,0,0,0,0,0,0,0,0,0,0,0,0,0,0,0,0,0,0,0,0,0,0,0,0,0,0,0,0,0,0,0,0,0,0,0,0,0,0,0,0,0,0,0,0,0,0,0,0,0,0,0,0,0,0,0,0,0,0,0,0,0,0,0,0,0,0,0,0,0,0,0,0,0,0,0,0,0,0,0,0,0,0,0,0,0,0,0,0,0,0,0,0,0,0,0,0,3,0,0,0,0,0
2022-02-12,0,0,0,0,0,0,0,0,0,0,0,0,0,0,0,0,0,0,0,0,0,0,0,0,0,0,0,0,0,0,0,0,0,0,0,0,0,0,0,0,0,0,0,0,0,0,0,0,0,0,0,0,0,0,0,0,0,0,0,0,0,0,0,0,0,0,0,0,0,0,0,0,0,0,0,0,0,0,0,0,0,0,0,0,0,0,0,0,0,0,0,0,0,0,0,0,0,0,0,0,0,3,0,0,0,0,0
2022-02-13,0,0,0,0,0,0,0,0,0,0,0,0,0,0,0,0,0,0,0,0,0,0,0,0,0,0,0,0,0,0,0,0,0,0,0,0,0,0,0,0,0,0,0,0,0,0,0,0,0,0,0,0,0,0,0,0,0,0,0,0,0,0,0,0,0,0,0,0,0,0,0,0,0,0,0,0,0,0,0,0,0,0,0,0,0,0,0,0,0,0,0,0,0,0,0,0,0,0,0,0,0,3,0,0,0,0,0
2022-02-14,0,0,0,0,0,0,0,0,0,0,0,0,0,0,0,0,0,0,0,0,0,0,0,0,0,0,0,0,0,0,0,0,0,0,0,0,0,0,0,0,0,0,0,0,0,0,0,0,0,0,0,0,0,0,0,0,0,0,0,0,0,0,0,0,0,0,0,0,0,0,0,0,0,0,0,0,0,0,0,0,0,0,0,0,0,0,0,0,0,0,0,0,0,0,0,0,0,0,0,0,0,3,0,0,0,0,0
2022-02-15,0,0,0,0,0,0,0,0,0,0,0,0,0,0,0,0,0,0,0,0,0,0,0,0,0,0,0,0,0,0,0,0,0,0,0,0,0,0,0,0,0,0,0,0,0,0,0,0,0,0,0,0,0,0,0,0,0,0,0,0,0,0,0,0,0,0,0,0,0,0,0,0,0,0,0,0,0,0,0,0,0,0,0,0,0,0,0,0,0,0,0,0,0,0,0,0,0,0,0,0,0,3,0,0,0,0,0
2022-02-16,0,0,0,0,0,0,0,0,0,0,0,0,0,0,0,0,0,0,0,0,0,0,0,0,0,0,0,0,0,0,0,0,0,0,0,0,0,0,0,0,0,0,0,0,0,0,0,0,0,0,0,0,0,0,0,0,0,0,0,0,0,0,0,0,0,0,0,0,0,0,0,0,0,0,0,0,0,0,0,0,0,0,0,0,0,0,0,0,0,0,0,0,0,0,0,0,0,0,0,0,0,3,0,0,0,0,0
2022-02-17,0,0,0,0,0,0,0,0,0,0,0,0,0,0,0,0,0,0,0,0,0,0,0,0,0,0,0,0,0,0,0,0,0,0,0,0,0,0,0,0,0,0,0,0,0,0,0,0,0,0,0,0,0,0,0,0,0,0,0,0,0,0,0,0,0,0,0,0,0,0,0,0,0,0,0,0,0,0,0,0,0,0,0,0,0,0,0,0,0,0,0,0,0,0,0,0,0,0,0,0,0,3,0,0,3,0,0
2022-02-18,0,0,0,0,0,0,0,0,0,0,0,0,0,0,0,0,0,0,0,0,0,0,0,0,0,0,0,0,0,0,0,0,0,0,0,0,0,0,0,0,0,0,0,0,0,0,0,0,0,0,0,0,0,0,0,0,0,0,0,0,0,0,0,0,0,0,0,0,0,0,0,0,0,0,0,0,0,0,0,0,0,0,0,0,0,0,0,0,0,0,0,0,0,0,0,0,0,0,0,0,0,3,0,0,3,0,0
2022-02-19,0,0,0,0,0,0,0,0,0,0,0,0,0,0,0,0,0,0,0,0,0,0,0,0,0,0,0,0,0,0,0,0,0,0,0,0,0,0,0,0,0,0,0,0,0,0,0,0,0,0,0,0,0,0,0,0,0,0,0,0,0,0,0,0,0,0,0,0,0,0,0,0,0,0,0,0,0,0,0,0,0,0,0,0,0,0,0,0,0,0,0,0,0,0,0,0,0,0,0,0,0,3,0,0,3,0,0
2022-02-20,0,0,0,0,0,0,0,0,0,0,0,0,0,0,0,0,0,0,0,0,0,0,0,0,0,0,0,0,0,0,0,0,0,0,0,0,0,0,0,0,0,0,0,0,0,0,0,0,0,0,0,0,0,0,0,0,0,0,0,0,0,0,0,0,0,0,0,0,0,0,0,0,0,0,0,0,0,0,0,0,0,0,0,0,0,0,0,0,0,0,0,0,0,0,0,0,0,0,0,0,0,3,0,0,3,0,0
2022-02-21,0,0,0,0,0,0,0,0,0,0,0,0,0,0,0,0,0,0,0,0,0,0,0,0,0,0,0,0,0,0,0,0,0,0,0,0,0,0,0,0,0,0,0,0,0,0,0,0,0,0,0,0,0,0,0,0,0,0,0,0,0,0,0,0,0,0,0,0,0,0,0,0,0,0,0,0,0,0,0,0,0,0,0,0,0,0,0,0,0,0,0,0,0,0,0,0,0,0,0,0,0,3,0,0,3,0,0
2022-02-22,0,0,0,0,0,0,0,0,0,0,0,0,0,0,0,0,0,0,0,0,0,0,0,0,0,0,0,0,0,0,0,0,0,0,0,0,0,0,0,0,0,0,0,0,0,0,0,0,0,0,0,0,0,0,0,0,0,0,0,0,0,0,0,0,0,0,0,0,0,0,0,0,0,0,0,0,0,0,0,0,0,0,0,0,0,0,0,0,0,0,0,0,0,0,0,0,0,0,0,0,0,3,0,0,3,0,0
2022-02-23,0,0,0,0,0,0,0,0,0,0,0,0,0,0,0,0,0,0,0,0,0,0,0,0,0,0,0,0,0,0,0,0,0,0,0,0,0,0,0,0,0,0,0,0,0,0,0,0,0,0,0,0,0,0,0,0,0,0,0,0,0,0,0,0,0,0,0,0,0,0,0,0,0,0,0,0,0,0,0,0,0,0,0,0,0,0,0,0,0,0,0,0,0,0,0,0,0,0,0,0,0,3,0,0,3,0,0
2022-02-24,0,0,0,0,0,0,0,0,0,0,0,0,0,0,0,0,0,0,0,0,0,0,0,0,0,0,0,0,0,0,0,0,0,0,0,0,0,0,0,0,0,0,0,0,0,0,0,0,0,0,0,0,0,0,0,0,0,0,0,0,0,0,0,0,0,0,0,0,0,0,0,0,0,0,0,0,0,0,0,0,0,0,0,0,0,0,0,0,0,0,0,0,0,0,0,0,0,0,0,0,0,3,0,0,3,0,0
2022-02-25,0,0,0,0,0,0,0,0,0,0,0,0,0,0,0,0,0,0,0,0,0,0,0,0,0,0,0,0,0,0,0,0,0,0,0,0,0,0,0,0,0,0,0,0,0,0,0,0,0,0,0,0,0,0,0,0,0,0,0,0,0,0,0,0,0,0,0,0,0,0,0,0,0,0,0,0,0,0,0,0,0,0,0,0,0,0,0,0,0,0,0,0,0,0,0,0,0,0,0,0,0,3,0,0,3,0,0
2022-02-26,0,0,0,0,0,0,0,0,0,0,0,0,0,0,0,0,0,0,0,0,0,0,0,0,0,0,0,0,0,0,0,0,0,0,0,0,0,0,0,0,0,0,0,0,0,0,0,0,0,0,0,0,0,0,0,0,0,0,0,0,0,0,0,0,0,0,0,0,0,0,0,0,0,0,0,0,0,0,0,0,0,0,0,0,0,0,0,0,0,0,0,0,0,0,0,0,0,0,0,0,0,3,0,0,3,0,0
2022-02-27,0,0,0,0,0,0,0,0,0,0,0,0,0,0,0,0,0,0,0,0,0,0,0,0,0,0,0,0,0,0,0,0,0,0,0,0,0,0,0,0,0,0,0,0,0,0,0,0,0,0,0,0,0,0,0,0,0,0,0,0,0,0,0,0,0,0,0,0,0,0,0,0,0,0,0,0,0,0,0,0,0,0,0,0,0,0,0,0,0,0,0,0,0,0,0,0,0,0,0,0,0,3,0,0,3,0,0
2022-02-28,0,0,0,0,0,0,0,0,0,0,0,0,0,0,0,0,0,0,0,0,0,0,0,0,0,0,0,0,0,0,0,0,0,0,0,0,0,0,0,0,0,0,0,0,0,0,0,0,0,0,0,0,0,0,0,0,0,0,0,0,0,0,0,0,0,0,0,0,0,0,0,0,0,0,0,0,0,0,0,0,0,0,0,0,0,0,0,0,0,0,0,0,0,0,0,0,0,0,0,0,0,4,0,0,3,0,0
2022-03-01,0,0,0,0,0,0,0,0,0,0,0,0,0,0,0,0,0,0,0,0,0,0,0,0,0,0,0,0,0,0,0,0,0,0,0,0,0,0,0,0,0,0,0,0,0,0,0,0,0,0,0,0,0,0,0,0,0,0,0,0,0,0,0,0,0,0,0,0,0,0,0,0,0,0,0,0,0,0,0,0,0,0,0,0,0,0,0,0,0,0,0,0,0,0,0,0,0,0,0,0,0,4,0,0,3,0,0
2022-03-02,0,0,0,0,0,0,0,0,0,0,0,0,0,0,0,0,0,0,0,0,0,0,0,0,0,0,0,0,0,0,0,0,0,0,0,0,0,0,0,0,0,0,0,0,0,0,0,0,0,0,0,0,0,0,0,0,0,0,0,0,0,0,0,0,0,0,0,0,0,0,0,0,0,0,0,0,0,0,0,0,0,0,0,0,0,0,0,0,0,0,0,0,0,0,0,0,0,0,0,0,0,4,0,0,3,0,0
2022-03-03,0,0,0,0,0,0,0,0,0,0,0,0,0,0,0,0,0,0,0,0,0,0,0,0,0,0,0,0,0,0,0,0,0,0,0,0,0,0,0,0,0,0,0,0,0,0,0,0,0,0,0,0,0,0,0,0,0,0,0,0,0,0,0,0,0,0,0,0,0,0,0,0,0,0,0,0,0,0,0,0,0,0,0,0,0,0,0,0,0,0,0,0,0,0,0,0,0,0,0,0,0,4,0,0,3,0,0
2022-03-04,0,0,0,0,0,0,0,0,0,0,0,0,0,0,0,0,0,0,0,0,0,0,0,0,0,0,0,0,0,0,0,0,0,0,0,0,0,0,0,0,0,0,0,0,0,0,0,0,0,0,0,0,0,0,0,0,0,0,0,0,0,0,0,0,0,0,0,0,0,0,0,0,0,0,0,0,0,0,0,0,0,0,0,0,0,0,0,0,0,0,0,0,0,0,0,0,0,0,0,0,0,4,2,0,3,0,0
2022-03-05,0,0,0,0,0,0,0,0,0,0,0,0,0,0,0,0,0,0,0,0,0,0,0,0,0,0,0,0,0,0,0,0,0,0,0,0,0,0,0,0,0,0,0,0,0,0,0,0,0,0,0,0,0,0,0,0,0,0,0,0,0,0,0,0,0,0,0,0,0,0,0,0,0,0,0,0,0,0,0,0,0,0,0,0,0,0,0,0,0,0,0,0,0,0,0,0,0,0,0,0,0,4,2,0,3,0,0
2022-03-06,0,0,0,0,0,0,0,0,0,0,0,0,0,0,0,0,0,0,0,0,0,0,0,0,0,0,0,0,0,0,0,0,0,0,0,0,0,0,0,0,0,0,0,0,0,0,0,0,0,0,0,0,0,0,0,0,0,0,0,0,0,0,0,0,0,0,0,0,0,0,0,0,0,0,0,0,0,0,0,0,0,0,0,0,0,0,0,0,0,0,0,0,0,0,0,0,0,0,0,0,0,4,2,0,3,0,0
2022-03-07,0,0,0,0,0,0,0,0,0,0,0,0,0,0,0,0,0,0,0,0,0,0,0,0,0,0,0,0,0,0,0,0,0,0,0,0,0,0,0,0,0,0,0,0,0,0,0,0,0,0,0,0,0,0,0,0,0,0,0,0,0,0,0,0,0,0,0,0,0,0,0,0,0,0,0,0,0,0,0,0,0,0,0,0,0,0,0,0,0,0,0,0,0,0,0,0,0,0,0,0,0,4,2,0,3,0,0
2022-03-08,0,0,0,0,0,0,0,0,0,0,0,0,0,0,0,0,0,0,0,0,0,0,0,0,0,0,0,0,0,0,0,0,0,0,0,0,0,0,0,0,0,0,0,0,0,0,0,0,0,0,0,0,0,0,0,0,0,0,0,0,0,0,0,0,0,0,0,0,0,0,0,0,0,0,0,0,0,0,0,0,0,0,0,0,0,0,0,0,0,0,0,0,0,0,0,0,0,0,0,0,0,4,2,0,3,0,0
2022-03-09,0,0,0,0,0,0,0,0,0,0,0,0,0,0,0,0,0,0,0,0,0,0,0,0,0,0,0,0,0,0,0,0,0,0,0,0,0,0,0,0,0,0,0,0,0,0,0,0,0,0,0,0,0,0,0,0,0,0,0,0,0,0,0,0,0,0,0,0,0,0,0,0,0,0,0,0,0,0,0,0,0,0,0,0,0,0,0,0,0,0,0,0,0,0,0,0,0,0,0,0,0,4,2,0,3,0,0
2022-03-10,0,0,0,0,0,0,0,0,0,0,0,0,0,0,0,0,0,0,0,0,0,0,0,0,0,0,0,0,0,0,0,0,0,0,0,0,0,0,0,0,0,0,0,0,0,0,0,0,0,0,0,0,0,0,0,0,0,0,0,0,0,0,0,0,0,0,0,0,0,0,0,0,0,0,0,0,0,0,0,0,0,0,0,0,0,0,0,0,0,0,0,0,0,0,0,0,0,0,0,0,0,4,2,0,3,0,0
2022-03-11,0,0,0,0,0,0,0,0,0,0,0,0,0,0,0,0,0,0,0,0,0,0,0,0,0,0,0,0,0,0,0,0,0,0,0,0,0,0,0,0,0,0,0,0,0,0,0,0,0,0,0,0,0,0,0,0,0,0,0,0,0,0,0,0,0,0,0,0,0,0,0,0,0,0,0,0,0,0,0,0,0,0,0,0,0,0,0,0,0,0,0,0,0,0,0,0,0,0,0,0,0,4,2,0,3,0,0
2022-03-12,0,0,0,0,0,0,0,0,0,0,0,0,0,0,0,0,0,0,0,0,0,0,0,0,0,0,0,0,0,0,0,0,0,0,0,0,0,0,0,0,0,0,0,0,0,0,0,0,0,0,0,0,0,0,0,0,0,0,0,0,0,0,0,0,0,0,0,0,0,0,0,0,0,0,0,0,0,0,0,0,0,0,0,0,0,0,0,0,0,0,0,0,0,0,0,0,0,0,0,0,0,4,2,0,3,0,0
2022-03-13,0,0,0,0,0,0,0,0,0,0,0,0,0,0,0,0,0,0,0,0,0,0,0,0,0,0,0,0,0,0,0,0,0,0,0,0,0,0,0,0,0,0,0,0,0,0,0,0,0,0,0,0,0,0,0,0,0,0,0,0,0,0,0,0,0,0,0,0,0,0,0,0,0,0,0,0,0,0,0,0,0,0,0,0,0,0,0,0,0,0,0,0,0,0,0,0,0,0,0,0,0,4,2,0,3,0,0
2022-03-14,0,0,0,0,0,0,0,0,0,0,0,0,0,0,0,0,0,0,0,0,0,0,0,0,0,0,0,0,0,0,0,0,0,0,0,0,0,0,0,0,0,0,0,0,0,0,0,0,0,0,0,0,0,0,0,0,0,0,0,0,0,0,0,0,0,0,0,0,0,0,0,0,0,0,0,0,0,0,0,0,0,0,0,0,0,0,0,0,0,0,0,0,0,0,0,0,0,0,0,0,0,4,2,0,3,0,0
2022-03-15,0,0,0,0,0,0,0,0,0,0,0,0,0,0,0,0,0,0,0,0,0,0,0,0,0,0,0,0,0,0,0,0,0,0,0,0,0,0,0,0,0,0,0,0,0,0,0,0,0,0,0,0,0,0,0,0,0,0,0,0,0,0,0,0,0,0,0,0,0,0,0,0,0,0,0,0,0,0,0,0,0,0,0,0,0,0,0,0,0,0,0,0,0,0,0,0,0,0,0,0,0,4,2,0,3,0,0
2022-03-16,0,0,0,0,0,0,0,0,0,0,0,0,0,0,0,0,0,0,0,0,0,0,0,0,0,0,0,0,0,0,0,0,0,0,0,0,0,0,0,0,0,0,0,0,0,0,0,0,0,0,0,0,0,0,0,0,0,0,0,0,0,0,0,0,0,0,0,0,0,0,0,0,0,0,0,0,0,0,0,0,0,0,0,0,0,0,0,0,0,0,0,0,0,0,0,0,0,0,0,0,0,4,2,0,3,0,0
2022-03-17,0,0,0,0,0,0,0,0,0,0,0,0,0,0,0,0,0,0,0,0,0,0,0,0,0,0,0,0,0,0,0,0,0,0,0,0,0,0,0,0,0,0,0,0,0,0,0,0,0,0,0,0,0,0,0,0,0,0,0,0,0,0,0,0,0,0,0,0,0,0,0,0,0,0,0,0,0,0,0,0,0,0,0,0,0,0,0,0,0,0,0,0,0,0,0,0,0,0,0,0,0,4,2,0,3,0,0
2022-03-18,0,0,0,0,0,0,0,0,0,0,0,0,0,0,0,0,0,0,0,0,0,0,0,0,0,0,0,0,0,0,0,0,0,0,0,0,0,0,0,0,0,0,0,0,0,0,0,0,0,0,0,0,0,0,0,0,0,0,0,0,0,0,0,0,0,0,0,0,0,0,0,0,0,0,0,0,0,0,0,0,0,0,0,0,0,0,0,0,0,0,0,0,0,0,0,0,0,0,0,0,0,4,2,0,3,0,0
2022-03-19,0,0,0,0,0,0,0,0,0,0,0,0,0,0,0,0,0,0,0,0,0,0,0,0,0,0,0,0,0,0,0,0,0,0,0,0,0,0,0,0,0,0,0,0,0,0,0,0,0,0,0,0,0,0,0,0,0,0,0,0,0,0,0,0,0,0,0,0,0,0,0,0,0,0,0,0,0,0,0,0,0,0,0,0,0,0,0,0,0,0,0,0,0,0,0,0,0,0,0,0,0,4,2,0,3,0,0
2022-03-20,0,0,0,0,0,0,0,0,0,0,0,0,0,0,0,0,0,0,0,0,0,0,0,0,0,0,0,0,0,0,0,0,0,0,0,0,0,0,0,0,0,0,0,0,0,0,0,0,0,0,0,0,0,0,0,0,0,0,0,0,0,0,0,0,0,0,0,0,0,0,0,0,0,0,0,0,0,0,0,0,0,0,0,0,0,0,0,0,0,0,0,0,0,0,0,0,0,0,0,0,0,4,2,0,3,0,0
2022-03-21,0,0,0,0,0,0,0,0,0,0,0,0,0,0,0,0,0,0,0,0,0,0,0,0,0,0,0,0,0,0,0,0,0,0,0,0,0,0,0,0,0,0,0,0,0,0,0,0,0,0,0,0,0,0,0,0,0,0,0,0,0,0,0,0,0,0,0,0,0,0,0,0,0,0,0,0,0,0,0,0,0,0,0,0,0,0,0,0,0,0,0,0,0,0,0,0,0,0,0,0,0,4,2,0,3,0,0
2022-03-22,0,0,0,0,0,0,0,0,0,0,0,0,0,0,0,0,0,0,0,0,0,0,0,0,0,0,0,0,0,0,0,0,0,0,0,0,0,0,0,0,0,0,0,0,0,0,0,0,0,0,0,0,0,0,0,0,0,0,0,0,0,0,0,0,0,0,0,0,0,0,0,0,0,0,0,0,0,0,0,0,0,0,0,0,0,0,0,0,0,0,0,0,0,0,0,0,0,0,0,0,0,4,2,0,3,0,0
2022-03-23,0,0,0,0,0,0,0,0,0,0,0,0,0,0,0,0,0,0,0,0,0,0,0,0,0,0,0,0,0,0,0,0,0,0,0,0,0,0,0,0,0,0,0,0,0,0,0,0,0,0,0,0,0,0,0,0,0,0,0,0,0,0,0,0,0,0,0,0,0,0,0,0,0,0,0,0,0,0,0,0,0,0,0,0,0,0,0,0,0,0,0,0,0,0,0,0,0,0,0,0,0,4,2,0,3,0,0
2022-03-24,0,0,0,0,0,0,0,0,0,0,0,0,0,0,0,0,0,0,0,0,0,0,0,0,0,0,0,0,0,0,0,0,0,0,0,0,0,0,0,0,0,0,0,0,0,0,0,0,0,0,0,0,0,0,0,0,0,0,0,0,0,0,0,0,0,0,0,0,0,0,0,0,0,0,0,0,0,0,0,0,0,0,0,0,0,0,0,0,0,0,0,0,0,0,0,0,0,0,0,0,0,4,2,0,3,0,0
2022-03-25,0,0,0,0,0,0,0,0,0,0,0,0,0,0,0,0,0,0,0,0,0,0,0,0,0,0,0,0,0,0,0,0,0,0,0,0,0,0,0,0,0,0,0,0,0,0,0,0,0,0,0,0,0,0,0,0,0,0,0,0,0,0,0,0,0,0,0,0,0,0,0,0,0,0,0,0,0,0,0,0,0,0,0,0,0,0,0,0,0,0,0,0,0,0,0,0,0,0,0,0,0,4,2,0,3,0,0
2022-03-26,0,0,0,0,0,0,0,0,0,0,0,0,0,0,0,0,0,0,0,0,0,0,0,0,0,0,0,0,0,0,0,0,0,0,0,0,0,0,0,0,0,0,0,0,0,0,0,0,0,0,0,0,0,0,0,0,0,0,0,0,0,0,0,0,0,0,0,0,0,0,0,0,0,0,0,0,0,0,0,0,0,0,0,0,0,0,0,0,0,0,0,0,0,0,0,0,0,0,0,0,0,4,2,0,3,0,0
2022-03-27,0,0,0,0,0,0,0,0,0,0,0,0,0,0,0,0,0,0,0,0,0,0,0,0,0,0,0,0,0,0,0,0,0,0,0,0,0,0,0,0,0,0,0,0,0,0,0,0,0,0,0,0,0,0,0,0,0,0,0,0,0,0,0,0,0,0,0,0,0,0,0,0,0,0,0,0,0,0,0,0,0,0,0,0,0,0,0,0,0,0,0,0,0,0,0,0,0,0,0,0,0,4,2,0,3,0,0
2022-03-28,0,0,0,0,0,0,0,0,0,0,0,0,0,0,0,0,0,0,0,0,0,0,0,0,0,0,0,0,0,0,0,0,0,0,0,0,0,0,0,0,0,0,0,0,0,0,0,0,0,0,0,0,0,0,0,0,0,0,0,0,0,0,0,0,0,0,0,0,0,0,0,0,0,0,0,0,0,0,0,0,0,0,0,0,0,0,0,0,0,0,0,0,0,0,0,0,0,0,0,0,0,4,2,0,3,0,0
2022-03-29,0,0,0,0,0,0,0,0,0,0,0,0,0,0,0,0,0,0,0,0,0,0,0,0,0,0,0,0,0,0,0,0,0,0,0,0,0,0,0,0,0,0,0,0,0,0,0,0,0,0,0,0,0,0,0,0,0,0,0,0,0,0,0,0,0,0,0,0,0,0,0,0,0,0,0,0,0,0,0,0,0,0,0,0,0,0,0,0,0,0,0,0,0,0,0,0,0,0,0,0,0,4,2,0,3,0,0
2022-03-30,0,0,0,0,0,0,0,0,0,0,0,0,0,0,0,0,0,0,0,0,0,0,0,0,0,0,0,0,0,0,0,0,0,0,0,0,0,0,0,0,0,0,0,0,0,0,0,0,0,0,0,0,0,0,0,0,0,0,0,0,0,0,0,0,0,0,0,0,0,0,0,0,0,0,0,0,0,0,0,0,0,0,0,0,0,0,0,0,0,0,0,0,0,0,0,0,0,0,0,0,0,4,2,0,3,0,0
2022-03-31,0,0,0,0,0,0,0,0,0,0,0,0,0,0,0,0,0,0,0,0,0,0,0,0,0,0,0,0,0,0,0,0,0,0,0,0,0,0,0,0,0,0,0,0,0,0,0,0,0,0,0,0,0,0,0,0,0,0,0,0,0,0,0,0,0,0,0,0,0,0,0,0,0,0,0,0,0,0,0,0,0,0,0,0,0,0,0,0,0,0,0,0,0,0,0,0,0,0,0,0,0,10,2,0,3,0,0
2022-04-01,0,0,0,0,0,0,0,0,0,0,0,0,0,0,0,0,0,0,0,0,0,0,0,0,0,0,0,0,0,0,0,0,0,0,0,0,0,0,0,0,0,0,0,0,0,0,0,0,0,0,0,0,0,0,0,0,0,0,0,0,0,0,0,0,0,0,0,0,0,0,0,0,0,0,0,0,0,0,0,0,0,0,0,0,0,0,0,0,0,0,0,0,0,0,0,0,0,0,0,0,0,10,2,0,3,0,0
2022-04-02,0,0,0,0,0,0,0,0,0,0,0,0,0,0,0,0,0,0,0,0,0,0,0,0,0,0,0,0,0,0,0,0,0,0,0,0,0,0,0,0,0,0,0,0,0,0,0,0,0,0,0,0,0,0,0,0,0,0,0,0,0,0,0,0,0,0,0,0,0,0,0,0,0,0,0,0,0,0,0,0,0,0,0,0,0,0,0,0,0,0,0,0,0,0,0,0,0,0,0,0,0,10,2,0,3,0,0
2022-04-03,0,0,0,0,0,0,0,0,0,0,0,0,0,0,0,0,0,0,0,0,0,0,0,0,0,0,0,0,0,0,0,0,0,0,0,0,0,0,0,0,0,0,0,0,0,0,0,0,0,0,0,0,0,0,0,0,0,0,0,0,0,0,0,0,0,0,0,0,0,0,0,0,0,0,0,0,0,0,0,0,0,0,0,0,0,0,0,0,0,0,0,0,0,0,0,0,0,0,0,0,0,10,2,0,3,0,0
2022-04-04,0,0,0,0,0,0,0,0,0,0,0,0,0,0,0,0,0,0,0,0,0,0,0,0,0,0,0,0,0,0,0,0,0,0,0,0,0,0,0,0,0,0,0,0,0,0,0,0,0,0,0,0,0,0,0,0,0,0,0,0,0,0,0,0,0,0,0,0,0,0,0,0,0,0,0,0,0,0,0,0,0,0,0,0,0,0,0,0,0,0,0,0,0,0,0,0,0,0,0,0,0,10,2,0,3,0,0
2022-04-05,0,0,0,0,0,0,0,0,0,0,0,0,0,0,0,0,0,0,0,0,0,0,0,0,0,0,0,0,0,0,0,0,0,0,0,0,0,0,0,0,0,0,0,0,0,0,0,0,0,0,0,0,0,0,0,0,0,0,0,0,0,0,0,0,0,0,0,0,0,0,0,0,0,0,0,0,0,0,0,0,0,0,0,0,0,0,0,0,0,0,0,0,0,0,0,0,0,0,0,0,0,10,2,0,3,0,0
2022-04-06,0,0,0,0,0,0,0,0,0,0,0,0,0,0,0,0,0,0,0,0,0,0,0,0,0,0,0,0,0,0,0,0,0,0,0,0,0,0,0,0,0,0,0,0,0,0,0,0,0,0,0,0,0,0,0,0,0,0,0,0,0,0,0,0,0,0,0,0,0,0,0,0,0,0,0,0,0,0,0,0,0,0,0,0,0,0,0,0,0,0,0,0,0,0,0,0,0,0,0,0,0,10,2,0,3,0,0
2022-04-07,0,0,0,0,0,0,0,0,0,0,0,0,0,0,0,0,0,0,0,0,0,0,0,0,0,0,0,0,0,0,0,0,0,0,0,0,0,0,0,0,0,0,0,0,0,0,0,0,0,0,0,0,0,0,0,0,0,0,0,0,0,0,0,0,0,0,0,0,0,0,0,0,0,0,0,0,0,0,0,0,0,0,0,0,0,0,0,0,0,0,0,0,0,0,0,0,0,0,0,0,0,10,2,0,3,0,0
2022-04-08,0,0,0,0,0,0,0,0,0,0,0,0,0,0,0,0,0,0,0,0,0,0,0,0,0,0,0,0,0,0,0,0,0,0,0,0,0,0,0,0,0,0,0,0,0,0,0,0,0,0,0,0,0,0,0,0,0,0,0,0,0,0,0,0,0,0,0,0,0,0,0,0,0,0,0,0,0,0,0,0,0,0,0,0,0,0,0,0,0,0,0,0,0,0,0,0,0,0,0,0,0,10,2,0,3,0,0
2022-04-09,0,0,0,0,0,0,0,0,0,0,0,0,0,0,0,0,0,0,0,0,0,0,0,0,0,0,0,0,0,0,0,0,0,0,0,0,0,0,0,0,0,0,0,0,0,0,0,0,0,0,0,0,0,0,0,0,0,0,0,0,0,0,0,0,0,0,0,0,0,0,0,0,0,0,0,0,0,0,0,0,0,0,0,0,0,0,0,0,0,0,0,0,0,0,0,0,0,0,0,0,0,10,2,0,3,0,0
2022-04-10,0,0,0,0,0,0,0,0,0,0,0,0,0,0,0,0,0,0,0,0,0,0,0,0,0,0,0,0,0,0,0,0,0,0,0,0,0,0,0,0,0,0,0,0,0,0,0,0,0,0,0,0,0,0,0,0,0,0,0,0,0,0,0,0,0,0,0,0,0,0,0,0,0,0,0,0,0,0,0,0,0,0,0,0,0,0,0,0,0,0,0,0,0,0,0,0,0,0,0,0,0,10,6,0,3,0,0
2022-04-11,0,0,0,0,0,0,0,0,0,0,0,0,0,0,0,0,0,0,0,0,0,0,0,0,0,0,0,0,0,0,0,0,0,0,0,0,0,0,0,0,0,0,0,0,0,0,0,0,0,0,0,0,0,0,0,0,0,0,0,0,0,0,0,0,0,0,0,0,0,0,0,0,0,0,0,0,0,0,0,0,0,0,0,0,0,0,0,0,0,0,0,0,0,0,0,0,0,0,0,0,0,10,6,0,3,0,0
2022-04-12,0,0,0,0,0,0,0,0,0,0,0,0,0,0,0,0,0,0,0,0,0,0,0,0,0,0,0,0,0,0,0,0,0,0,0,0,0,0,0,0,0,0,0,0,0,0,0,0,0,0,0,0,0,0,0,0,0,0,0,0,0,0,0,0,0,0,0,0,0,0,0,0,0,0,0,0,0,0,0,0,0,0,0,0,0,0,0,0,0,0,0,0,0,0,0,0,0,0,0,0,0,10,6,2,3,0,0
2022-04-13,0,0,0,0,0,0,0,0,0,0,0,0,0,0,0,0,0,0,0,0,0,0,0,0,0,0,0,0,0,0,0,0,0,0,0,0,0,0,0,0,0,0,0,0,0,0,0,0,0,0,0,0,0,0,0,0,0,0,0,0,0,0,0,0,0,0,0,0,0,0,0,0,0,0,0,0,0,0,0,0,0,0,0,0,0,0,0,0,0,0,0,0,0,0,0,0,0,0,0,0,0,10,6,2,3,0,0
2022-04-14,0,0,0,0,0,0,0,0,0,0,0,0,0,0,0,0,0,0,0,0,0,0,0,0,0,0,0,0,0,0,0,0,0,0,0,0,0,0,0,0,0,0,0,0,0,0,0,0,0,0,0,0,0,0,0,0,0,0,0,0,0,0,0,0,0,0,0,0,0,0,0,0,0,0,0,0,0,0,0,0,0,0,0,0,0,0,0,0,0,0,0,0,0,0,0,0,0,0,0,0,0,10,6,2,3,0,0
2022-04-15,0,0,0,0,0,0,0,0,0,0,0,0,0,0,0,0,0,0,0,0,0,0,0,0,0,0,0,0,0,0,0,0,0,0,0,0,0,0,0,0,0,0,0,0,0,0,0,0,0,0,0,0,0,0,0,0,0,0,0,0,0,0,0,0,0,0,0,0,0,0,0,0,0,0,0,0,0,0,0,0,0,0,0,0,0,0,0,0,0,0,0,0,0,0,0,0,0,0,0,0,0,10,6,2,3,0,0
2022-04-16,0,0,0,0,0,0,0,0,0,0,0,0,0,0,0,0,0,0,0,0,0,0,0,0,0,0,0,0,0,0,0,0,0,0,0,0,0,0,0,0,0,0,0,0,0,0,0,0,0,0,0,0,0,0,0,0,0,0,0,0,0,0,0,0,0,0,0,0,0,0,0,0,0,0,0,0,0,0,0,0,0,0,0,0,0,0,0,0,0,0,0,0,0,0,0,0,0,0,0,0,0,10,6,2,3,0,0
2022-04-17,0,0,0,0,0,0,0,0,0,0,0,0,0,0,0,0,0,0,0,0,0,0,0,0,0,0,0,0,0,0,0,0,0,0,0,0,0,0,0,0,0,0,0,0,0,0,0,0,0,0,0,0,0,0,0,0,0,0,0,0,0,0,0,0,0,0,0,0,0,0,0,0,0,0,0,0,0,0,0,0,0,0,0,0,0,0,0,0,0,0,0,0,0,0,0,0,0,0,0,0,0,10,6,2,3,0,0
2022-04-18,0,0,0,0,0,0,0,0,0,0,0,0,0,0,0,0,0,0,0,0,0,0,0,0,0,0,0,0,0,0,0,0,0,0,0,0,0,0,0,0,0,0,0,0,0,0,0,0,0,0,0,0,0,0,0,0,0,0,0,0,0,0,0,0,0,0,0,0,0,0,0,0,0,0,0,0,0,0,0,0,0,0,0,0,0,0,0,0,0,0,0,0,0,0,0,0,0,0,0,0,0,10,6,2,3,0,0
2022-04-19,0,0,0,0,0,0,0,0,0,0,0,0,0,0,0,0,0,0,0,0,0,0,0,0,0,0,0,0,0,0,0,0,0,0,0,0,0,0,0,0,0,0,0,0,0,0,0,0,0,0,0,0,0,0,0,0,0,0,0,0,0,0,0,0,0,0,0,0,0,0,0,0,0,0,0,0,0,0,0,0,0,0,0,0,0,0,0,0,0,0,0,0,0,0,0,0,0,0,0,0,0,10,6,2,3,0,0
2022-04-20,0,0,0,0,0,0,0,0,0,0,0,0,0,0,0,0,0,0,0,0,0,0,0,0,0,0,0,0,0,0,0,0,0,0,0,0,0,0,0,0,0,0,0,0,0,0,0,0,0,0,0,0,0,0,0,0,0,0,0,0,0,0,0,0,0,0,0,0,0,0,0,0,0,0,0,0,0,0,0,0,0,0,0,0,0,0,0,0,0,0,0,0,0,0,0,0,0,0,0,0,0,10,6,2,3,0,0
2022-04-21,0,0,0,0,0,0,0,0,0,0,0,0,0,0,0,0,0,0,0,0,0,0,0,0,0,0,0,0,0,0,0,0,0,0,0,0,0,0,0,0,0,0,0,0,0,0,0,0,0,0,0,0,0,0,0,0,0,0,0,0,0,0,0,0,0,0,0,0,0,0,0,0,0,0,0,0,0,0,0,0,0,0,0,0,0,0,0,0,0,0,0,0,0,0,0,0,0,0,0,0,0,10,6,2,3,0,0
2022-04-22,0,0,0,0,0,0,0,0,0,0,0,0,0,0,0,0,0,0,0,0,0,0,0,0,0,0,0,0,0,0,0,0,0,0,0,0,0,0,0,0,0,0,0,0,0,0,0,0,0,0,0,0,0,0,0,0,0,0,0,0,0,0,0,0,0,0,0,0,0,0,0,0,0,0,0,0,0,0,0,0,0,0,0,0,0,0,0,0,0,0,0,0,0,0,0,0,0,0,0,0,0,10,6,2,3,0,0
2022-04-23,0,0,0,0,0,0,0,0,0,0,0,0,0,0,0,0,0,0,0,0,0,0,0,0,0,0,0,0,0,0,0,0,0,0,0,0,0,0,0,0,0,0,0,0,0,0,0,0,0,0,0,0,0,0,0,0,0,0,0,0,0,0,0,0,0,0,0,0,0,0,0,0,0,0,0,0,0,0,0,0,0,0,0,0,0,0,0,0,0,0,0,0,0,0,0,0,0,0,0,0,0,10,6,2,3,0,0
2022-04-24,0,0,0,0,0,0,0,0,0,0,0,0,0,0,0,0,0,0,0,0,0,0,0,0,0,0,0,0,0,0,0,0,0,0,0,0,0,0,0,0,0,0,0,0,0,0,0,0,0,0,0,0,0,0,0,0,0,0,0,0,0,0,0,0,0,0,0,0,0,0,0,0,0,0,0,0,0,0,0,0,0,0,0,0,0,0,0,0,0,0,0,0,0,0,0,0,0,0,0,0,0,10,6,2,3,0,0
2022-04-25,0,0,0,0,0,0,0,0,0,0,0,0,0,0,0,0,0,0,0,0,0,0,0,0,0,0,0,0,0,0,0,0,0,0,0,0,0,0,0,0,0,0,0,0,0,0,0,0,0,0,0,0,0,0,0,0,0,0,0,0,0,0,0,0,0,0,0,0,0,0,0,0,0,0,0,0,0,0,0,0,0,0,0,0,0,0,0,0,0,0,0,0,0,0,0,0,0,0,0,0,0,10,6,2,3,0,0
2022-04-26,0,0,0,0,0,0,0,0,0,0,0,0,0,0,0,0,0,0,0,0,0,0,0,0,0,0,0,0,0,0,0,0,0,0,0,0,0,0,0,0,0,0,0,0,0,0,0,0,0,0,0,0,0,0,0,0,0,0,0,0,0,0,0,0,0,0,0,0,0,0,0,0,0,0,0,0,0,0,0,0,0,0,0,0,0,0,0,0,0,0,0,0,0,0,0,0,0,0,0,0,0,10,6,2,3,0,0
2022-04-27,0,0,0,0,0,0,0,0,0,0,0,0,0,0,0,0,0,0,0,0,0,0,0,0,0,0,0,0,0,0,0,0,0,0,0,0,0,0,0,0,0,0,0,0,0,0,0,0,0,0,0,0,0,0,0,0,0,0,0,0,0,0,0,0,0,0,0,0,0,0,0,0,0,0,0,0,0,0,0,0,0,0,0,0,0,0,0,0,0,0,0,0,0,0,0,0,0,0,0,0,0,10,6,2,3,0,0
2022-04-28,0,0,0,0,0,0,0,0,0,0,0,0,0,0,0,0,0,0,0,0,0,0,0,0,0,0,0,0,0,0,0,0,0,0,0,0,0,0,0,0,0,0,0,0,0,0,0,0,0,0,0,0,0,0,0,0,0,0,0,0,0,0,0,0,0,0,0,0,0,0,0,0,0,0,0,0,0,0,0,0,0,0,0,0,0,0,0,0,0,0,0,0,0,0,0,0,0,0,0,0,0,10,6,2,3,0,0
2022-04-29,0,0,0,0,0,0,0,0,0,0,0,0,0,0,0,0,0,0,0,0,0,0,0,0,0,0,0,0,0,0,0,0,0,0,0,0,0,0,0,0,0,0,0,0,0,0,0,0,0,0,0,0,0,0,0,0,0,0,0,0,0,0,0,0,0,0,0,0,0,0,0,0,0,0,0,0,0,0,0,0,0,0,0,0,0,0,0,0,0,0,0,0,0,0,0,0,0,0,0,0,0,10,6,2,3,0,0
2022-04-30,0,0,0,0,0,0,0,0,0,0,0,0,0,0,0,0,0,0,0,0,0,0,0,0,0,0,0,0,0,0,0,0,0,0,0,0,0,0,0,0,0,0,0,0,0,0,0,0,0,0,0,0,0,0,0,0,0,0,0,0,0,0,0,0,0,0,0,0,0,0,0,0,0,0,0,0,0,0,0,0,0,0,0,0,0,0,0,0,0,0,0,0,0,0,0,0,0,0,0,0,0,15,6,2,3,0,0
2022-05-01,0,0,0,0,0,0,0,0,0,0,0,0,0,0,0,0,0,0,0,0,0,0,0,0,0,0,0,0,0,0,0,0,0,0,0,0,0,0,0,0,0,0,0,0,0,0,0,0,0,0,0,0,0,0,0,0,0,0,0,0,0,0,0,0,0,0,0,0,0,0,0,0,0,0,0,0,0,0,0,0,0,0,0,0,0,0,0,0,0,0,0,0,0,0,0,0,0,0,0,0,0,15,6,2,3,0,0
2022-05-02,0,0,0,0,0,0,0,0,0,0,0,0,0,0,0,0,0,0,0,0,0,0,0,0,0,0,0,0,0,0,0,0,0,0,0,0,0,0,0,0,0,0,0,0,0,0,0,0,0,0,0,0,0,0,0,0,0,0,0,0,0,0,0,0,0,0,0,0,0,0,0,0,0,0,0,0,0,0,0,0,0,0,0,0,0,0,0,0,0,0,0,0,0,0,0,0,0,0,0,0,0,15,6,2,3,0,0
2022-05-03,0,0,0,0,0,0,0,0,0,0,0,0,0,0,0,0,0,0,0,0,0,0,0,0,0,0,0,0,0,0,0,0,0,0,0,0,0,0,0,0,0,0,0,0,0,0,0,0,0,0,0,0,0,0,0,0,0,0,0,0,0,0,0,0,0,0,0,0,0,0,0,0,0,0,0,0,0,0,0,0,0,0,0,0,0,0,0,0,0,0,0,0,0,0,0,0,0,0,0,0,0,15,6,2,3,0,0
2022-05-04,0,0,0,0,0,0,0,0,0,0,0,0,0,0,0,0,0,0,0,0,0,0,0,0,0,0,0,0,0,0,0,0,0,0,0,0,0,0,0,0,0,0,0,0,0,0,0,0,0,0,0,0,0,0,0,0,0,0,0,0,0,0,0,0,0,0,0,0,0,0,0,0,0,0,0,0,0,0,0,0,0,0,0,0,0,0,0,0,0,0,0,0,0,0,0,0,0,0,0,0,0,15,6,2,3,0,0
2022-05-05,0,0,0,0,0,0,0,0,0,0,0,0,0,0,0,0,0,0,0,0,0,0,0,0,0,0,0,0,0,0,0,0,0,0,0,0,0,0,0,0,0,0,0,0,0,0,0,0,0,0,0,0,0,0,0,0,0,0,0,0,0,0,0,0,0,0,0,0,0,0,0,0,0,0,0,0,0,0,0,0,0,0,0,0,0,0,0,0,0,0,0,0,0,0,0,0,0,0,0,0,0,15,6,2,3,0,0
2022-05-06,1,0,0,0,0,0,0,0,0,0,0,0,0,0,0,0,0,0,0,0,0,0,0,0,0,0,0,0,0,0,0,0,0,0,0,0,0,0,0,0,0,0,0,0,0,0,0,0,0,0,0,0,0,0,0,0,0,0,0,0,0,0,0,0,0,0,0,0,0,0,0,0,0,0,0,0,0,0,0,0,0,0,0,0,0,0,0,0,0,0,0,0,0,0,0,0,0,0,0,0,0,15,6,2,3,0,0
2022-05-07,1,0,0,0,0,0,0,0,0,0,0,0,0,0,0,0,0,0,0,0,0,0,0,0,0,0,0,0,0,0,0,0,0,0,0,0,0,0,0,0,0,0,0,0,0,0,0,0,0,0,0,0,0,0,0,0,0,0,0,0,0,0,0,0,0,0,0,0,0,0,0,0,0,0,0,0,0,0,0,0,0,0,0,0,0,0,0,0,0,0,0,0,0,0,0,0,0,0,0,0,0,15,6,2,3,0,0
2022-05-08,1,0,0,0,0,0,0,0,0,0,0,0,0,0,0,0,0,0,0,0,0,0,0,0,0,0,0,0,0,0,0,0,0,0,0,0,0,0,0,0,0,0,0,0,0,0,0,0,0,0,0,0,0,0,0,0,0,0,0,0,0,0,0,0,0,0,0,0,0,0,0,0,0,0,0,0,0,0,0,0,0,0,0,0,0,0,0,0,0,0,0,0,0,0,0,0,0,0,0,0,0,15,6,2,3,10,0
2022-05-09,1,0,0,0,0,0,0,0,0,0,0,0,0,0,0,0,0,0,0,0,0,0,0,0,0,0,0,0,0,0,0,0,0,0,0,0,0,0,0,0,0,0,0,0,0,0,0,0,0,0,0,0,0,0,0,0,0,0,0,0,0,0,0,0,0,0,0,0,0,0,0,0,0,0,0,0,0,0,0,0,0,0,0,0,0,0,0,0,0,0,0,0,0,0,0,0,0,0,0,0,0,15,6,2,3,10,0
2022-05-10,1,0,0,0,0,0,0,0,0,0,0,0,0,0,0,0,0,0,0,0,0,0,0,0,0,0,0,0,0,0,0,0,0,0,0,0,0,0,0,0,0,0,0,0,0,0,0,0,0,0,0,0,0,0,0,0,0,0,0,0,0,0,0,0,0,0,0,0,0,0,0,0,0,0,0,0,0,0,0,0,0,0,0,0,0,0,0,0,0,0,0,0,0,0,0,0,0,0,0,0,0,15,6,2,3,10,0
2022-05-11,1,0,0,0,0,0,0,0,0,0,0,0,0,0,0,0,0,0,0,0,0,0,0,0,0,0,0,0,0,0,0,0,0,0,0,0,0,0,0,0,0,0,0,0,0,0,0,0,0,0,0,0,0,0,0,0,0,0,0,0,0,0,0,0,0,0,0,0,0,0,0,0,0,0,0,0,0,0,0,0,0,0,0,0,0,0,0,0,0,0,0,0,0,0,0,0,0,0,0,0,0,15,6,2,3,10,0
2022-05-12,2,0,0,0,0,0,0,0,0,0,0,0,0,0,0,0,0,0,0,0,0,0,0,0,0,0,0,0,0,0,0,0,0,0,0,0,0,0,0,0,0,0,0,0,0,0,0,0,0,0,0,0,0,0,0,0,0,0,0,0,0,0,0,0,0,0,0,0,0,0,0,0,0,0,0,0,0,0,0,0,0,0,0,0,0,0,0,0,0,0,0,0,0,0,0,0,0,0,0,0,0,15,6,2,3,10,0
2022-05-13,3,0,0,0,0,0,0,0,0,0,0,0,0,0,0,0,0,0,0,0,0,0,0,0,0,0,0,0,0,0,0,0,0,0,0,0,0,0,0,0,0,0,0,0,0,0,0,0,0,0,0,0,0,0,0,0,0,0,0,0,0,0,0,0,0,0,0,0,0,0,0,0,0,0,0,0,0,0,0,0,0,0,0,0,0,0,0,0,0,0,0,0,0,0,0,0,0,0,0,0,0,15,6,2,3,10,0
2022-05-14,3,0,0,0,0,0,0,0,0,0,0,0,0,0,0,0,0,0,0,0,0,0,0,0,0,0,0,0,0,0,0,0,0,0,0,0,0,0,0,0,0,0,0,0,0,0,0,0,0,0,0,0,0,0,0,0,0,0,0,0,0,0,0,0,0,0,0,0,0,0,0,0,0,0,0,0,0,0,0,0,0,0,0,0,0,0,0,0,0,0,0,0,0,0,0,0,0,0,0,0,0,15,6,2,3,10,0
2022-05-15,7,0,0,0,0,0,0,0,0,0,0,0,0,0,0,0,0,0,0,0,0,0,0,0,0,0,0,0,0,0,0,0,0,0,0,0,0,0,0,0,0,0,0,0,0,0,0,0,0,0,0,0,0,0,0,0,0,0,0,0,0,0,0,0,0,0,0,0,0,0,0,0,0,0,0,0,0,0,0,0,0,0,0,0,0,0,0,0,0,0,0,0,0,0,0,0,0,0,0,0,0,15,6,2,3,10,0
2022-05-16,7,0,0,0,0,0,0,0,0,0,0,0,0,0,0,0,0,0,0,0,0,0,0,0,0,0,0,0,0,0,0,0,0,0,0,0,0,0,0,0,0,0,0,0,0,0,0,0,0,0,0,0,0,0,0,0,0,0,0,0,0,0,0,0,0,0,0,0,0,0,0,0,0,0,0,0,0,0,0,0,0,0,0,0,0,0,0,0,0,0,0,0,0,0,0,0,0,0,0,0,0,15,6,2,3,10,0
2022-05-17,7,3,0,0,0,0,0,0,0,0,0,0,0,0,0,0,0,0,0,0,0,0,0,0,0,0,0,0,0,0,0,0,0,0,0,0,0,0,0,0,0,0,0,0,0,0,0,0,0,0,0,0,0,0,0,0,0,0,0,0,0,0,0,0,0,0,0,0,0,0,0,0,0,0,0,0,0,0,0,0,0,0,0,0,0,0,0,0,0,0,0,0,0,0,0,0,0,0,0,0,0,15,6,2,3,10,0
2022-05-18,9,14,7,1,0,0,0,0,0,0,0,0,0,0,0,0,0,0,0,0,0,0,0,0,0,0,0,0,0,0,0,0,0,0,0,0,0,0,0,0,0,0,0,0,0,0,0,0,0,0,0,0,0,0,0,0,0,0,0,0,0,0,0,0,0,0,0,0,0,0,0,0,0,0,0,0,0,0,0,0,0,0,0,0,0,0,0,0,0,0,0,0,0,0,0,0,0,0,0,0,0,15,6,2,3,10,0
2022-05-19,9,23,7,2,2,1,1,1,1,0,1,0,0,0,0,0,0,0,0,0,0,0,0,0,0,0,0,0,0,0,0,0,0,0,0,0,0,0,0,0,0,0,0,0,0,0,0,0,0,0,0,0,0,0,0,0,0,0,0,0,0,0,0,0,0,0,0,0,0,0,0,0,0,0,0,0,0,0,0,0,0,0,0,0,0,0,0,0,0,0,0,0,0,0,0,0,0,0,0,0,0,15,8,2,3,10,0
2022-05-20,20,23,30,2,5,1,3,1,3,2,2,1,0,0,0,0,0,0,0,0,0,0,0,0,0,0,0,0,0,0,0,0,0,0,0,0,0,0,0,0,0,0,0,0,0,0,0,0,0,0,0,0,0,0,0,0,0,0,0,0,0,0,0,0,0,0,0,0,0,0,0,0,0,0,0,0,0,0,0,0,0,0,0,0,0,0,0,0,0,0,0,0,0,0,0,0,0,0,0,0,0,15,8,2,3,10,0
2022-05-21,20,23,40,2,5,1,3,1,4,2,4,2,1,1,0,0,0,0,0,0,0,0,0,0,0,0,0,0,0,0,0,0,0,0,0,0,0,0,0,0,0,0,0,0,0,0,0,0,0,0,0,0,0,0,0,0,0,0,0,0,0,0,0,0,0,0,0,0,0,0,0,0,0,0,0,0,0,0,0,0,0,0,0,0,0,0,0,0,0,0,0,0,0,0,0,0,0,0,0,0,0,15,8,2,3,10,0
2022-05-22,20,23,40,2,5,1,3,1,4,2,4,2,1,1,0,0,0,0,0,0,0,0,0,0,0,0,0,0,0,0,0,0,0,0,0,0,0,0,0,0,0,0,0,0,0,0,0,0,0,0,0,0,0,0,0,0,0,0,0,0,0,0,0,0,0,0,0,0,0,0,0,0,0,0,0,0,0,0,0,0,0,0,0,0,0,0,0,0,0,0,0,0,0,0,0,0,0,0,0,0,0,15,8,2,3,10,0
2022-05-23,56,37,41,2,15,1,4,3,4,2,6,6,1,1,1,0,1,0,1,0,0,0,0,0,0,0,0,0,0,0,0,0,0,0,0,0,0,0,0,0,0,0,0,0,0,0,0,0,0,0,0,0,0,0,0,0,0,0,0,0,0,0,0,0,0,0,0,0,0,0,0,0,0,0,0,0,0,0,0,0,0,0,0,0,0,0,0,0,0,0,0,0,0,0,0,0,0,0,0,0,0,15,8,2,3,10,0
2022-05-24,70,39,45,4,15,1,5,5,4,2,12,6,1,2,1,0,2,1,1,1,1,0,0,0,0,0,0,0,0,0,0,0,0,0,0,0,0,0,0,0,0,0,0,0,0,0,0,0,0,0,0,0,0,0,0,0,0,0,0,0,0,0,0,0,0,0,0,0,0,0,0,0,0,0,0,0,0,0,0,0,0,0,0,0,0,0,0,0,0,0,0,0,0,0,0,0,0,0,0,0,0,15,8,2,3,10,0
2022-05-25,77,49,53,6,15,2,9,7,6,2,13,12,1,2,1,0,2,2,1,1,1,0,0,0,0,0,0,0,0,0,0,0,0,0,0,0,0,0,0,0,0,0,0,0,0,0,0,0,0,0,0,0,0,0,0,0,0,0,0,0,0,0,0,0,0,0,0,0,0,0,0,0,0,0,0,0,0,0,0,0,0,0,0,0,0,0,0,0,0,0,0,0,0,0,0,0,0,0,0,0,0,15,8,2,3,10,0
2022-05-26,101,58,78,11,26,2,12,7,6,2,15,12,1,3,1,0,2,2,3,5,1,0,1,1,0,0,0,0,0,0,0,0,0,0,0,0,0,0,0,0,0,0,0,0,0,0,0,0,0,0,0,0,0,0,0,0,0,0,0,0,0,0,0,0,0,0,0,0,0,0,0,0,0,0,0,0,0,0,0,0,0,0,0,0,0,0,0,0,0,0,0,0,0,0,0,0,0,0,0,0,0,15,8,2,3,10,0
2022-05-27,101,74,99,15,26,2,12,7,6,2,21,12,1,4,1,2,2,2,3,5,1,1,1,1,0,1,0,0,0,0,0,0,0,0,0,0,0,0,0,0,0,0,0,0,0,0,0,0,0,0,0,0,0,0,0,0,0,0,0,0,0,0,0,0,0,0,0,0,0,0,0,0,0,0,0,0,0,0,0,0,0,0,0,0,0,0,0,0,0,0,0,0,0,0,0,0,0,0,0,0,0,15,8,2,3,10,0
2022-05-28,101,74,99,16,26,2,12,16,9,2,22,12,2,4,1,2,2,2,3,5,1,1,1,1,1,1,1,0,0,0,0,0,0,0,0,0,0,0,0,0,0,0,0,0,0,0,0,0,0,0,0,0,0,0,0,0,0,0,0,0,0,0,0,0,0,0,0,0,0,0,0,0,0,0,0,0,0,0,0,0,0,0,0,0,0,0,0,0,0,0,0,0,0,0,0,0,0,0,0,0,0,15,8,2,3,10,0
2022-05-29,101,74,108,17,26,2,13,16,9,2,22,12,2,4,1,2,2,2,3,5,4,1,1,1,1,1,1,0,0,0,0,0,0,0,0,0,0,0,0,0,0,0,0,0,0,0,0,0,0,0,0,0,0,0,0,0,0,0,0,0,0,0,0,0,0,0,0,0,0,0,0,0,0,0,0,0,0,0,0,0,0,0,0,0,0,0,0,0,0,0,0,0,0,0,0,0,0,0,0,0,0,21,8,2,3,10,0
2022-05-30,172,96,116,17,26,3,13,17,9,2,25,26,2,4,1,2,2,2,4,5,4,1,1,2,1,2,1,0,0,0,0,0,0,0,0,0,0,0,0,0,0,0,0,0,0,0,0,0,0,0,0,0,0,0,0,0,0,0,0,0,0,0,0,0,0,0,0,0,0,0,0,0,0,0,0,0,0,0,0,0,0,0,0,0,0,0,0,0,0,0,0,0,0,0,0,0,0,0,0,0,0,21,8,2,3,10,0
2022-05-31,183,100,136,21,27,4,19,17,9,2,41,26,2,4,1,2,2,2,4,5,4,1,1,2,1,2,1,0,1,1,0,0,0,0,0,0,0,0,0,0,0,0,0,0,0,0,0,0,0,0,0,0,0,0,0,0,0,0,0,0,0,0,0,0,0,0,0,0,0,0,0,0,0,0,0,0,0,0,0,0,0,0,0,0,0,0,0,0,0,0,0,0,0,0,0,0,0,0,0,0,0,21,8,2,3,10,0
2022-06-01,188,119,136,22,54,4,21,33,14,2,41,26,2,4,1,2,2,2,5,5,8,1,1,2,1,4,1,0,1,2,1,0,0,0,0,0,0,0,0,0,0,0,0,0,0,0,0,0,0,0,0,0,0,0,0,0,0,0,0,0,0,0,0,0,0,0,0,0,0,0,0,0,0,0,0,0,0,0,0,0,0,0,0,0,0,0,0,0,0,0,0,0,0,0,0,0,0,0,0,0,0,21,8,2,3,10,0
2022-06-02,199,138,162,26,77,5,21,33,14,4,58,40,2,6,1,2,2,3,5,6,8,2,1,2,1,6,1,0,1,2,1,1,0,0,0,0,0,0,0,0,0,0,0,0,0,0,0,0,0,0,0,0,0,0,0,0,0,0,0,0,0,0,0,0,0,0,0,0,0,0,0,0,0,0,0,0,0,0,0,0,0,0,0,0,0,0,0,0,0,0,0,0,0,0,0,0,0,0,0,0,0,21,8,2,3,10,0
2022-06-03,214,143,181,31,80,5,22,51,17,5,75,40,2,8,1,2,2,3,8,6,8,2,2,2,1,6,1,0,1,2,1,1,1,0,0,0,0,0,0,0,0,0,0,0,0,0,0,0,0,0,0,0,0,0,0,0,0,0,0,0,0,0,0,0,0,0,0,0,0,0,0,0,0,0,0,0,0,0,0,0,0,0,0,0,0,0,0,0,0,0,0,0,0,0,0,0,0,0,0,0,0,21,8,2,3,10,0
2022-06-04,214,143,181,32,80,5,22,52,17,6,80,40,2,8,1,2,2,3,8,6,8,2,2,2,1,6,1,0,1,2,1,1,1,0,0,0,0,0,0,0,0,0,0,0,0,0,0,0,0,0,0,0,0,0,0,0,0,0,0,0,0,0,0,0,0,0,0,0,0,0,0,0,0,0,0,0,0,0,0,0,0,0,0,0,0,0,0,0,0,0,0,0,0,0,0,0,0,0,0,0,0,21,8,2,3,10,0
2022-06-05,214,143,181,32,80,5,22,52,17,6,80,40,2,8,1,2,2,3,8,6,8,2,2,2,1,6,1,0,1,2,1,1,1,0,0,0,0,0,0,0,0,0,0,0,0,0,0,0,0,0,0,0,0,0,0,0,0,0,0,0,0,0,0,0,0,0,0,0,0,0,0,0,0,0,0,0,0,0,0,0,0,0,0,0,0,0,0,0,0,0,0,0,0,0,0,0,0,0,0,0,0,31,8,2,3,107,0
2022-06-06,287,153,198,34,81,5,28,52,17,6,80,40,2,8,1,2,2,6,10,6,8,2,3,2,1,6,1,0,1,2,1,1,1,0,0,0,0,0,0,0,0,0,0,0,0,0,0,0,0,0,0,0,0,0,0,0,0,0,0,0,0,0,0,0,0,0,0,0,0,0,0,0,0,0,0,0,0,0,0,0,0,0,0,0,0,0,0,0,0,0,0,0,0,0,0,0,0,0,0,0,0,31,8,2,3,107,0
2022-06-07,305,166,225,40,101,5,29,66,17,6,107,54,3,10,1,2,2,6,11,6,13,2,3,2,1,7,1,0,1,2,1,1,1,0,0,0,0,0,0,0,0,0,0,0,0,0,0,0,0,0,0,0,0,0,0,0,0,0,0,0,0,0,0,0,0,0,0,0,0,0,0,0,0,0,0,0,0,0,0,0,0,0,0,0,0,0,0,0,0,0,0,0,0,0,0,0,0,0,0,0,0,31,8,2,3,107,0
2022-06-08,305,191,259,45,102,5,31,66,25,6,120,54,3,12,1,2,2,6,11,6,13,2,3,2,1,7,1,1,1,2,1,1,1,0,5,1,0,0,0,0,0,0,0,0,0,0,0,0,0,0,0,0,0,0,0,0,0,0,0,0,0,0,0,0,0,0,0,0,0,0,0,0,0,0,0,0,0,0,0,0,0,0,0,0,0,0,0,0,0,0,0,0,0,0,0,0,0,0,0,0,0,31,8,2,3,107,0
2022-06-09,348,209,259,50,113,5,31,91,25,8,150,60,4,12,1,3,2,6,12,6,13,3,4,2,1,7,1,1,1,2,1,1,2,0,5,1,0,0,0,0,0,0,0,0,0,0,0,0,0,0,0,0,0,0,0,0,0,0,0,0,0,0,0,0,0,0,0,0,0,0,0,0,0,0,0,0,0,0,0,0,0,0,0,0,0,0,0,0,0,0,0,0,0,0,0,0,0,0,0,0,0,31,8,2,3,107,0
2022-06-10,348,209,275,53,116,6,32,91,25,8,162,60,4,14,1,3,4,6,12,6,13,3,4,2,1,9,1,1,1,2,1,1,2,0,5,1,0,1,0,0,0,0,0,0,0,0,0,0,0,0,0,0,0,0,0,0,0,0,0,0,0,0,0,0,0,0,0,0,0,0,0,0,0,0,0,0,0,0,0,0,0,0,0,0,0,0,0,0,0,0,0,0,0,0,0,0,0,0,0,0,0,31,8,2,3,107,0
2022-06-11,348,209,275,55,116,6,37,91,25,8,162,60,4,14,1,3,4,6,12,6,13,3,4,2,1,9,2,2,1,2,1,1,2,0,5,1,0,1,0,0,0,0,0,0,0,0,0,0,0,0,0,0,0,0,0,0,0,0,0,0,0,0,0,0,0,0,0,0,0,0,0,0,0,0,0,0,0,0,0,0,0,0,0,0,0,0,0,0,0,0,0,0,0,0,0,0,0,0,0,0,0,31,8,2,3,107,0
2022-06-12,452,209,275,57,116,6,37,91,25,8,163,60,4,14,1,3,4,6,12,6,13,3,4,2,1,9,2,3,1,2,1,1,2,0,5,1,0,1,1,0,0,0,0,0,0,0,0,0,0,0,0,0,0,0,0,0,0,0,0,0,0,0,0,0,0,0,0,0,0,0,0,0,0,0,0,0,0,0,0,0,0,0,0,0,0,0,0,0,0,0,0,0,0,0,0,0,0,0,0,0,0,36,8,2,3,107,0
2022-06-13,452,209,275,75,124,6,37,91,25,8,188,60,4,19,3,3,4,7,12,6,13,3,4,2,1,9,2,3,1,2,1,1,2,0,5,1,0,1,1,1,0,0,0,0,0,0,0,0,0,0,0,0,0,0,0,0,0,0,0,0,0,0,0,0,0,0,0,0,0,0,0,0,0,0,0,0,0,0,0,0,0,0,0,0,0,0,0,0,0,0,0,0,0,0,0,0,0,0,0,0,0,36,8,2,3,107,0
2022-06-14,504,231,313,83,158,6,38,125,25,8,202,80,4,20,3,3,4,7,13,6,13,3,5,2,1,9,2,5,1,2,1,1,2,0,18,1,0,1,1,1,0,0,0,0,0,0,0,0,0,0,0,0,0,3,0,0,0,0,0,0,0,0,0,0,0,0,0,0,0,0,0,0,0,0,0,0,0,0,0,0,0,0,0,0,0,0,0,0,0,0,0,0,0,0,0,0,0,0,0,0,0,36,8,2,3,107,0
2022-06-15,504,241,313,96,158,10,48,125,52,10,247,80,5,28,4,3,4,7,13,6,13,3,5,2,2,14,2,5,3,2,1,1,2,0,18,2,3,12,1,3,1,0,0,0,0,0,0,0,0,0,0,0,0,3,0,0,0,0,0,0,0,0,0,0,0,0,0,0,0,0,0,0,0,0,0,0,0,0,0,0,0,0,0,0,0,0,0,0,0,0,0,0,0,0,0,0,0,0,0,0,0,36,8,2,3,107,0
2022-06-16,550,241,497,117,167,10,48,183,52,11,271,95,5,30,4,3,8,7,16,6,13,3,6,2,2,14,4,6,6,2,1,1,2,0,18,2,3,12,1,4,1,1,0,0,0,0,0,0,0,0,0,0,0,3,0,0,0,0,0,0,0,0,0,0,0,0,0,0,0,0,0,0,0,0,0,0,0,0,0,0,0,0,0,0,0,0,0,0,0,0,0,0,0,0,0,0,0,0,0,0,0,36,8,2,3,107,0
2022-06-17,550,276,498,128,177,10,71,183,62,11,358,95,5,31,11,3,8,7,16,6,13,4,6,2,2,14,9,7,6,2,1,1,2,0,18,2,3,12,1,4,1,1,1,1,0,0,0,0,0,0,0,0,0,3,0,0,0,0,0,0,0,0,0,0,0,0,0,0,0,0,0,0,0,0,0,0,0,0,0,0,0,0,0,0,0,0,0,0,0,0,0,0,0,0,0,0,0,0,0,0,0,36,8,2,3,107,0
2022-06-18,550,276,498,132,177,10,71,183,62,11,359,95,5,31,11,3,8,7,16,6,13,4,6,2,2,14,9,7,6,2,1,1,2,0,18,2,3,12,1,4,1,1,1,1,0,0,0,0,0,0,0,0,0,3,0,0,0,0,0,0,0,0,0,0,0,0,0,0,0,0,0,0,0,0,0,0,0,0,0,0,0,0,0,0,0,0,0,0,0,0,0,0,0,0,0,0,0,0,0,0,0,36,8,2,3,107,0
2022-06-19,550,276,498,133,177,10,71,183,62,11,359,95,5,31,11,3,8,7,16,6,13,4,6,2,2,14,9,8,6,2,1,1,2,0,18,2,3,12,1,4,1,1,1,1,0,0,0,0,0,0,0,0,0,3,0,0,0,0,0,0,0,0,0,0,0,0,0,0,0,0,0,0,0,0,0,0,0,0,0,0,0,0,0,0,0,0,0,0,0,0,0,0,0,0,0,0,0,0,0,0,0,41,8,2,3,107,0
2022-06-20,766,297,521,137,177,10,71,183,62,11,372,95,5,40,11,3,10,7,18,6,13,4,6,3,2,14,9,8,6,2,1,1,2,0,18,2,3,12,1,4,1,1,2,1,1,0,1,0,0,0,0,0,0,3,0,0,0,0,0,0,0,0,0,0,0,0,0,0,0,0,0,0,0,0,0,0,0,0,0,0,0,0,0,0,0,0,0,0,0,0,0,0,0,0,0,0,0,0,0,0,0,41,8,2,3,107,0
2022-06-21,766,304,521,175,210,10,85,277,77,11,438,95,11,41,12,4,12,8,18,6,13,4,6,3,2,14,9,9,6,2,1,1,2,0,18,2,3,12,1,5,1,1,3,1,1,0,1,0,0,0,0,0,0,3,0,0,0,0,0,0,0,0,0,0,0,0,0,0,0,0,0,0,0,0,0,0,0,0,0,0,0,0,0,0,0,0,0,0,0,0,0,0,0,0,0,0,0,0,0,0,0,41,8,2,3,107,0
2022-06-22,766,317,521,196,210,10,85,277,77,11,492,167,13,46,12,4,13,8,18,7,13,4,6,3,2,14,9,11,6,2,1,1,2,0,18,3,3,12,1,5,1,1,3,1,1,1,1,1,0,0,0,0,0,3,0,0,0,0,0,0,0,0,0,0,0,0,0,0,0,0,0,0,0,0,0,0,0,0,0,0,0,0,0,0,0,0,0,0,0,0,0,0,0,0,0,0,0,0,0,0,0,41,8,2,3,107,0
2022-06-23,873,328,736,218,235,13,85,330,77,11,566,167,13,52,12,4,13,9,26,7,13,4,8,3,4,28,9,16,6,2,1,1,2,0,18,3,3,12,1,6,1,1,6,1,1,1,1,1,0,3,1,2,0,3,0,0,0,0,0,0,0,0,0,0,0,0,0,0,0,0,0,0,0,0,0,0,0,0,0,0,0,0,0,0,0,0,0,0,0,0,0,0,0,0,0,0,0,0,0,0,0,41,8,2,3,107,0
2022-06-24,873,348,736,237,235,13,127,330,77,11,618,211,16,55,20,4,13,9,26,7,13,4,8,3,4,28,9,17,12,4,1,1,2,1,18,3,3,12,1,6,1,3,7,1,1,1,1,1,1,3,1,2,0,3,0,0,0,0,0,0,0,0,0,0,0,0,0,0,0,0,0,0,0,0,0,0,0,0,0,0,0,0,0,0,0,0,0,0,0,0,0,0,0,0,0,0,0,0,0,0,0,41,8,2,3,107,0
2022-06-25,873,348,736,243,235,13,127,331,77,11,618,211,16,55,20,4,13,9,26,7,13,4,8,3,4,28,9,19,12,4,1,1,2,1,18,3,3,12,1,6,1,3,7,1,1,1,1,1,1,3,1,2,0,3,0,0,0,0,0,0,0,0,0,0,0,0,0,0,0,0,0,0,0,0,0,0,0,0,0,0,0,0,0,0,0,0,0,0,0,0,0,0,0,0,0,0,0,0,0,0,0,44,8,2,3,107,0
2022-06-26,1035,348,736,252,235,13,127,331,77,11,618,211,16,55,20,4,13,9,27,7,13,4,9,5,4,28,9,20,12,4,1,1,2,1,18,3,3,12,1,6,1,3,8,1,1,1,1,1,1,3,1,2,1,3,0,0,0,0,0,0,0,0,0,0,0,0,0,0,0,0,0,0,0,0,0,0,0,0,0,0,0,0,0,0,0,0,0,0,0,0,0,0,0,0,0,0,0,0,0,0,0,59,8,2,6,107,0
2022-06-27,1035,365,800,315,257,13,127,331,77,11,763,257,29,68,20,4,16,9,27,7,13,4,9,5,4,28,9,20,12,4,1,1,2,1,18,3,3,12,1,6,1,3,8,1,1,1,1,1,1,3,1,3,1,3,0,0,0,0,0,0,0,0,0,0,0,0,0,0,0,0,0,0,0,0,0,0,0,0,0,0,0,0,0,0,0,0,0,0,0,0,0,0,0,0,0,0,0,0,0,0,0,59,8,2,6,107,0
2022-06-28,1035,373,800,359,275,13,159,440,117,11,828,257,33,72,20,5,16,9,27,8,13,4,9,5,4,28,11,21,12,15,1,1,2,1,18,3,4,12,1,9,1,3,8,1,1,1,1,2,1,3,1,3,3,3,1,0,0,0,0,0,0,0,0,0,0,0,0,0,0,0,0,0,0,0,0,0,0,0,0,0,0,0,0,0,0,0,0,0,0,0,0,0,0,0,0,0,0,0,0,0,0,59,8,2,6,107,0
2022-06-29,1035,391,800,409,287,13,159,440,117,11,863,257,38,81,20,5,18,9,27,8,13,4,9,5,4,28,11,37,12,17,1,1,2,1,18,3,4,12,1,11,1,3,8,1,1,1,1,2,1,3,1,3,3,3,1,1,0,0,0,0,0,0,0,0,0,0,0,0,0,0,0,0,0,0,0,0,0,0,0,0,0,0,0,0,0,0,0,0,0,0,0,0,0,0,0,0,0,0,0,0,0,60,8,2,6,107,0
2022-06-30,1185,402,1196,470,287,28,159,498,117,12,927,257,42,83,20,6,18,9,34,8,13,4,10,6,4,39,11,49,19,17,1,1,2,1,18,7,4,12,1,11,1,3,8,1,1,1,1,2,1,3,1,3,3,3,1,1,1,0,0,0,0,0,0,0,0,0,0,0,0,0,0,0,0,0,0,0,0,0,0,0,0,0,0,0,0,0,0,0,0,0,0,0,0,0,0,0,0,0,0,0,0,60,8,2,6,107,0
2022-07-01,1185,420,1196,543,287,28,192,498,117,12,1032,257,42,91,37,6,18,9,34,8,13,4,10,6,4,39,11,64,19,17,1,1,2,1,18,7,4,12,1,11,1,3,8,1,1,1,1,2,1,3,1,3,3,3,1,1,1,0,0,0,0,0,0,0,0,0,0,0,0,0,0,0,0,0,0,0,0,0,0,0,0,0,0,0,0,0,0,0,0,0,0,0,0,0,0,0,0,0,0,0,0,60,8,2,6,107,0
2022-07-02,1185,420,1196,547,312,28,192,498,117,12,1033,257,42,91,37,6,18,9,34,8,13,4,10,6,4,39,11,76,19,17,1,1,2,1,18,7,4,12,1,11,1,3,8,1,1,1,1,2,1,5,1,3,3,3,1,1,1,0,0,0,0,0,0,0,0,0,0,0,0,0,0,0,0,0,0,0,0,0,0,0,0,0,0,0,0,0,0,0,0,0,0,0,0,0,0,0,0,0,0,0,0,60,8,2,6,107,0
2022-07-03,1185,420,1196,553,312,28,192,498,117,12,1040,257,42,91,37,6,18,9,34,8,13,4,10,6,4,39,11,78,19,17,1,1,2,1,18,7,4,12,1,11,1,3,9,1,1,1,1,2,1,5,1,3,3,3,1,1,1,0,0,0,0,0,0,0,0,0,0,0,0,0,0,0,0,0,0,0,0,0,0,0,0,0,0,0,0,0,0,0,0,0,0,0,0,0,0,0,0,0,0,0,0,84,8,2,6,107,0
2022-07-04,1285,420,1258,563,348,28,192,498,117,12,1137,352,52,115,37,6,18,12,40,9,13,10,15,11,4,39,27,80,19,17,1,1,2,1,18,7,4,12,1,11,1,3,13,1,1,1,1,2,1,5,1,3,15,3,1,1,1,0,0,0,0,0,0,0,0,0,0,0,0,0,0,0,0,0,0,0,0,0,0,0,0,0,0,0,0,0,0,0,0,0,0,0,0,0,0,0,0,0,0,0,0,84,8,2,6,107,0
2022-07-05,1285,433,1258,709,348,28,233,577,168,12,1212,352,55,121,37,6,18,13,40,9,13,10,15,11,4,39,27,106,19,22,1,1,2,1,18,7,4,12,1,11,1,3,13,1,1,1,1,2,1,5,1,3,15,3,1,1,1,1,0,0,0,0,0,0,0,0,0,0,0,0,0,0,0,0,0,0,0,0,0,0,0,0,0,0,0,0,0,0,0,0,0,0,0,0,0,0,0,0,0,0,0,84,8,2,6,107,0
2022-07-06,1285,433,1258,749,369,43,233,577,168,17,1308,352,55,131,37,6,18,13,40,9,13,10,15,11,4,44,27,142,19,22,1,1,2,1,18,7,4,12,1,11,1,3,13,1,1,1,2,2,1,5,1,3,15,3,1,1,1,1,1,1,1,0,0,0,0,0,0,0,0,0,0,0,0,0,0,0,0,0,0,0,0,0,0,0,0,0,0,0,0,0,0,0,0,0,0,0,0,0,0,0,0,84,8,2,6,107,0
2022-07-07,1482,473,1258,883,369,43,233,725,168,20,1362,402,59,135,37,6,18,14,41,10,13,10,18,11,4,44,27,172,19,25,1,1,2,1,18,11,6,12,1,14,1,6,13,5,1,1,3,2,1,5,1,3,18,3,1,1,1,1,1,1,1,1,0,0,0,0,0,0,0,0,0,0,0,0,0,0,0,0,0,0,0,0,0,0,0,0,0,0,0,0,0,0,0,0,0,0,0,0,0,0,0,84,8,2,6,107,0
2022-07-08,1482,473,2034,950,374,43,255,725,168,20,1464,402,59,140,62,9,28,18,41,11,13,10,18,11,4,44,27,204,24,25,1,1,2,1,18,11,6,12,1,14,1,6,14,5,1,1,4,2,1,5,1,3,18,3,1,2,1,1,1,1,1,1,0,0,0,0,0,0,0,0,0,0,0,0,0,0,0,0,0,0,0,0,0,0,0,0,0,0,0,0,0,0,0,0,0,0,0,0,0,0,0,84,8,2,6,107,0
2022-07-09,1482,473,2034,960,377,43,255,725,168,20,1558,402,59,140,62,9,28,18,41,11,13,10,18,11,4,44,27,218,24,25,1,1,2,1,18,11,6,12,1,14,1,6,14,5,1,1,4,2,1,5,1,3,18,3,1,2,1,1,1,1,1,1,1,0,0,0,0,0,0,0,0,0,0,0,0,0,0,0,0,0,0,0,0,0,0,0,0,0,0,0,0,0,0,0,0,0,0,0,0,0,0,84,8,2,6,107,0
2022-07-10,1482,473,2034,964,377,43,255,725,168,24,1558,402,61,140,62,9,28,18,41,11,13,10,18,11,4,44,27,218,24,25,1,1,2,1,18,11,6,12,1,14,1,6,14,5,1,1,4,2,1,5,1,3,18,3,1,2,1,1,1,1,1,1,1,0,0,0,0,0,0,0,0,0,0,0,0,0,0,0,0,0,0,0,0,0,0,0,0,0,0,0,0,0,0,0,0,0,0,0,0,0,0,101,8,2,6,107,0
2022-07-11,1660,473,2034,1058,476,43,255,725,168,24,1618,503,66,163,62,9,29,18,44,11,13,13,19,12,9,44,27,228,24,29,1,1,2,1,18,11,6,12,1,14,1,6,16,5,1,1,4,3,1,5,1,3,18,3,1,2,1,1,1,1,1,1,1,0,0,0,0,0,0,0,0,0,0,0,0,0,0,0,0,0,0,0,0,0,0,0,0,0,0,0,0,0,0,0,0,0,0,0,0,0,0,101,8,2,6,107,0
2022-07-12,1660,473,2447,1122,476,43,292,912,224,28,1650,503,73,165,62,9,29,18,44,11,13,13,19,12,9,44,27,266,24,31,4,1,2,1,18,11,6,12,1,14,1,6,18,5,1,1,4,3,2,5,1,3,36,3,2,4,1,1,1,1,1,1,2,1,0,0,0,0,0,0,0,0,0,0,0,0,1,0,0,0,0,0,0,0,0,0,0,0,0,0,0,0,0,0,0,0,0,0,0,0,0,101,8,2,6,107,0
2022-07-13,1660,515,2447,1245,492,58,292,912,224,28,1759,503,80,181,62,12,32,19,44,12,13,13,19,12,9,54,27,308,24,33,4,1,2,1,18,11,6,22,1,15,1,6,19,5,1,1,5,3,2,7,3,3,46,3,2,4,1,1,1,1,1,1,2,1,0,1,0,0,0,0,0,0,0,0,0,0,1,0,0,0,0,0,0,0,0,0,0,0,0,0,0,0,0,0,0,0,0,0,0,0,0,101,8,2,6,107,0
2022-07-14,1778,515,2447,1426,529,58,292,912,224,33,1893,549,88,189,62,13,33,19,46,12,13,13,20,12,9,54,39,347,24,35,4,1,2,1,18,13,6,22,1,16,1,6,20,5,1,1,6,3,2,7,3,3,55,3,2,4,1,1,1,1,1,1,2,1,1,1,1,0,0,0,0,0,0,0,0,0,1,0,0,0,0,0,0,0,0,0,0,0,0,0,0,0,0,0,0,0,0,0,0,0,0,101,8,2,6,107,0
2022-07-15,1778,515,2835,1767,537,58,339,912,224,33,1919,549,88,198,83,13,37,19,46,12,13,13,20,12,9,54,39,347,30,37,4,1,2,1,34,13,6,22,1,18,1,6,24,5,1,1,6,3,2,7,3,3,64,3,2,8,1,1,1,1,1,1,2,1,1,1,1,1,0,0,0,0,0,0,0,0,1,0,0,0,0,0,0,0,0,0,0,0,0,0,0,0,0,0,0,0,0,0,0,0,0,101,8,2,6,107,0
2022-07-16,1778,515,2835,1767,537,58,339,912,224,33,1919,549,88,198,83,13,37,19,46,12,13,13,20,12,9,54,39,347,30,38,4,1,2,1,34,13,6,22,1,18,1,6,24,5,1,1,6,3,2,7,3,3,78,3,2,8,1,1,1,1,1,1,2,1,1,1,1,1,1,0,0,0,0,0,0,0,1,0,0,0,0,0,0,0,0,0,0,0,0,0,0,0,0,0,0,0,0,0,0,0,0,101,8,2,6,107,0
2022-07-17,1778,515,2835,1767,537,58,339,912,224,33,1919,549,96,198,83,13,37,19,46,12,13,13,20,12,9,54,39,347,30,38,4,1,2,1,34,13,6,22,1,18,1,6,24,5,1,1,6,3,2,7,3,3,92,3,2,8,1,1,1,1,1,1,2,1,1,1,1,1,1,0,0,0,0,0,0,0,1,0,0,0,0,0,0,0,0,0,0,0,0,0,0,0,0,0,0,0,0,0,0,0,0,116,8,2,7,107,0
2022-07-18,2050,515,2835,1995,572,58,339,912,311,33,1954,656,96,208,83,13,43,26,51,12,13,13,23,13,9,54,40,347,30,40,5,1,2,1,34,13,6,28,1,18,1,6,26,5,1,1,6,3,2,7,6,3,95,3,4,8,1,1,1,1,1,1,2,1,2,1,1,1,1,0,0,0,0,0,0,0,1,0,0,0,0,0,0,0,0,0,0,0,0,0,0,0,0,0,0,0,0,0,0,0,0,116,8,2,7,107,0
2022-07-19,2050,515,3125,2114,612,58,374,1438,311,41,2007,656,102,213,83,13,43,26,51,12,13,13,23,13,9,54,40,448,30,44,5,1,2,1,34,13,6,28,1,19,1,8,26,5,1,1,6,3,2,10,6,3,95,3,4,8,1,1,1,2,1,1,2,1,3,1,1,1,1,0,0,0,0,0,0,0,1,0,0,0,0,0,0,0,0,0,0,0,0,0,0,0,0,0,0,0,0,0,0,0,0,116,8,2,7,107,0
2022-07-20,2050,588,3125,2323,612,58,374,1438,311,41,2100,656,102,216,83,13,46,27,51,12,13,13,23,13,9,69,48,591,30,46,5,1,2,1,34,13,9,28,1,19,1,8,26,5,1,1,6,3,2,10,6,3,112,3,4,8,1,1,3,2,1,1,2,1,3,1,1,1,1,1,1,0,0,0,0,0,1,0,0,0,0,0,0,0,0,0,0,0,0,0,0,0,0,0,0,0,0,0,0,0,0,116,8,2,7,107,0
2022-07-21,2115,588,3125,2503,612,77,374,1566,311,41,2191,712,105,216,83,13,48,27,54,14,13,13,24,15,17,69,48,604,33,46,5,1,3,1,34,20,9,40,1,19,1,14,39,5,4,1,6,3,2,10,7,3,126,3,4,8,1,1,3,2,1,3,2,1,3,1,1,1,1,1,1,1,0,0,0,1,1,0,0,0,0,0,0,0,0,0,0,0,0,1,0,0,0,0,0,0,0,0,0,0,0,116,8,2,7,107,0
2022-07-22,2115,588,3126,2875,679,77,407,1566,311,41,2289,712,105,229,99,18,48,27,54,16,13,13,24,15,17,69,48,694,33,46,5,1,3,1,34,20,9,40,1,19,1,14,39,5,4,1,6,3,2,10,7,4,143,3,4,13,1,1,3,2,1,3,2,1,3,1,1,1,1,1,1,1,0,0,0,1,1,0,0,0,0,0,0,0,0,0,0,0,0,1,0,0,0,0,0,0,0,0,0,0,0,116,8,2,7,107,0
2022-07-23,2115,588,3126,2875,679,77,407,1566,311,41,2289,712,105,229,99,18,48,27,54,16,13,13,24,15,17,69,48,694,33,46,5,1,3,1,34,20,9,40,1,20,1,14,39,5,4,1,6,3,2,10,7,4,143,3,4,13,1,1,3,3,1,3,2,1,3,1,1,1,1,1,1,1,0,0,0,1,1,0,0,0,0,0,0,0,0,0,0,0,0,1,0,0,0,0,0,0,0,0,0,0,0,116,8,2,7,107,1
2022-07-24,2115,588,3126,2875,679,77,407,1566,311,43,2289,712,114,229,99,18,48,27,54,16,16,13,24,15,17,69,48,694,33,46,5,1,3,1,34,20,9,40,1,20,1,14,39,5,4,1,8,3,2,10,7,4,143,3,5,13,1,1,3,3,2,3,2,1,3,1,1,1,1,1,2,1,0,0,0,1,1,0,0,0,0,0,0,0,0,0,0,0,0,1,0,0,0,0,0,0,0,0,0,0,0,131,8,2,7,107,1
2022-07-25,2390,588,3126,3457,713,77,407,1566,393,43,2372,712,114,234,99,18,59,33,59,16,16,13,30,18,17,69,48,809,33,46,5,1,3,1,34,20,9,40,1,20,1,16,39,5,4,1,9,3,2,11,10,4,208,3,5,13,1,1,3,3,2,3,2,1,5,1,3,1,1,1,2,1,1,1,1,1,1,0,0,0,0,0,0,0,0,0,0,0,0,1,0,0,0,0,0,0,0,0,0,0,0,131,8,2,7,107,1
2022-07-26,2390,588,3738,3768,743,77,426,1834,393,43,2410,818,121,238,99,20,60,33,59,16,16,17,30,18,17,69,60,865,37,49,5,1,3,1,34,29,9,53,1,20,1,19,45,10,4,1,11,3,2,12,10,4,224,3,5,13,1,1,3,3,2,3,2,1,5,1,3,1,1,3,2,1,1,1,3,1,1,0,0,0,0,0,0,0,0,0,0,0,0,1,0,0,0,0,0,0,0,0,0,0,0,131,8,2,7,107,1
2022-07-27,2390,633,3738,4630,743,77,426,1834,393,44,2459,818,121,251,111,23,71,33,59,16,16,17,30,18,17,85,60,977,37,51,5,1,3,1,34,29,9,53,1,20,1,19,45,10,4,1,11,3,2,12,10,4,251,3,5,13,1,1,3,3,2,3,2,1,5,1,3,1,1,3,2,1,1,1,3,1,1,0,0,0,0,0,0,0,0,0,0,0,0,1,0,0,0,0,0,0,0,0,0,0,0,131,8,2,7,107,1
2022-07-28,2436,633,3738,4895,797,85,426,1953,393,44,2540,878,133,264,111,23,76,33,61,20,16,17,30,19,17,85,60,1066,37,51,5,1,3,1,35,32,9,53,1,20,1,19,45,10,4,1,11,3,2,12,10,4,269,3,5,13,1,1,3,3,2,3,2,1,5,1,3,1,1,3,2,1,2,1,3,2,1,1,0,0,0,0,0,0,0,0,0,0,0,1,0,0,0,0,0,0,0,0,0,0,0,133,8,2,7,163,1
2022-07-29,2436,633,4299,5175,801,85,479,1953,393,44,2595,878,133,272,111,23,99,35,61,20,16,17,30,19,17,85,63,1259,37,53,5,1,3,1,35,32,10,53,1,21,1,23,55,10,4,1,11,3,2,15,10,4,269,3,8,21,1,1,3,5,2,6,2,1,5,1,3,1,1,3,2,1,2,1,3,2,1,1,0,1,0,0,0,0,0,0,0,0,0,1,0,0,0,0,0,0,0,0,0,0,0,133,8,2,7,163,1
2022-07-30,2436,633,4300,5175,801,85,479,1953,393,44,2595,878,133,272,111,23,99,35,61,20,16,17,30,19,17,85,63,1343,37,53,5,1,3,1,35,32,10,53,1,21,1,23,55,10,4,1,11,3,2,15,10,4,269,3,8,21,1,1,3,5,2,6,2,1,5,1,3,1,1,3,2,1,2,1,3,2,1,1,0,1,0,0,0,0,0,0,0,0,0,1,0,0,0,0,0,0,0,0,0,0,0,133,8,2,7,163,1
2022-07-31,2436,633,4300,5175,801,85,479,1953,393,44,2595,878,146,272,111,23,99,35,61,20,16,17,30,19,17,85,91,1370,37,53,5,1,3,1,35,32,10,53,1,21,1,23,55,10,4,1,11,3,2,15,10,4,305,3,8,21,1,1,3,5,2,6,2,1,5,1,4,1,1,3,2,1,2,1,3,2,1,1,1,1,0,0,0,0,0,0,0,0,0,1,0,0,0,0,0,0,0,0,0,0,0,157,8,3,7,163,1
2022-08-01,2638,633,4300,5792,801,85,479,1953,482,44,2677,925,146,272,132,23,99,35,65,20,16,17,32,24,17,85,91,1475,39,55,5,1,3,1,35,32,10,59,1,21,1,28,68,10,4,1,12,3,2,16,12,4,313,3,8,21,1,1,3,5,2,6,2,1,6,1,4,1,1,3,2,1,2,1,3,2,1,1,1,1,1,1,0,0,0,1,0,0,0,1,0,0,0,0,0,0,0,0,0,0,0,157,8,3,7,163,1
2022-08-02,2638,633,4577,6308,889,85,505,2237,482,53,2724,925,153,298,132,23,99,35,65,22,16,17,32,24,17,85,91,1603,39,57,5,1,3,1,35,32,11,59,1,21,1,30,68,10,4,1,13,3,2,20,12,4,324,3,8,21,5,1,3,6,2,6,3,1,8,3,4,1,1,3,2,1,2,1,3,2,1,1,1,1,1,1,1,0,0,1,0,0,0,1,0,0,0,0,0,0,0,0,0,0,0,157,8,3,7,163,1
2022-08-03,2638,710,4577,6599,891,102,505,2237,482,53,2781,927,157,304,135,37,105,37,65,25,16,20,32,24,17,97,91,1721,42,61,5,1,3,1,35,33,11,63,1,22,1,30,68,10,4,1,13,3,2,20,12,4,340,3,8,21,5,1,4,6,2,6,3,1,9,3,4,1,1,3,2,1,2,1,3,2,1,1,1,2,1,3,1,1,1,1,0,0,0,1,0,0,0,0,0,0,0,0,0,0,0,157,8,3,7,163,1
2022-08-04,2730,710,4577,7084,955,111,505,2421,482,57,2839,957,160,312,135,37,114,37,67,25,16,22,37,25,17,97,91,1860,42,63,5,1,3,1,35,33,11,63,1,22,1,30,91,10,4,1,13,3,2,20,12,4,340,3,8,21,5,1,4,7,2,6,3,1,9,3,4,1,1,3,2,1,2,1,3,2,1,1,1,2,1,3,1,3,2,1,0,0,0,1,0,0,0,0,0,0,0,0,0,0,0,157,8,3,7,163,1
2022-08-05,2730,710,4942,7490,956,111,545,2421,482,57,2887,957,160,316,160,37,114,38,67,27,16,22,37,25,17,97,91,2004,42,65,5,1,3,1,35,39,11,76,1,22,1,31,91,23,4,1,15,3,2,26,12,4,409,3,8,34,5,1,4,7,3,8,3,1,9,3,4,1,1,3,2,1,3,1,3,4,1,1,1,2,1,3,1,3,2,1,0,0,0,1,0,0,0,0,0,0,0,0,0,0,0,157,8,3,7,163,1
2022-08-06,2730,710,4942,7491,956,111,545,2421,482,57,2887,957,160,316,160,37,114,38,67,27,16,22,37,25,17,101,91,2108,42,65,5,1,3,1,35,39,11,76,1,22,1,31,91,23,4,1,15,3,3,26,12,4,409,3,8,34,5,1,4,7,3,8,3,1,9,3,4,1,1,3,2,1,3,1,3,4,1,1,1,2,1,5,3,3,2,1,0,0,0,1,0,0,0,0,0,0,0,0,0,0,0,157,8,3,7,163,1
2022-08-07,2730,710,4942,7491,956,111,545,2421,482,57,2887,957,166,316,160,37,114,38,67,27,16,22,37,25,17,101,91,2131,42,65,5,1,3,1,35,39,11,76,1,22,1,31,91,23,4,1,15,3,3,26,12,4,505,3,8,34,5,1,4,7,3,8,3,1,9,3,4,1,1,3,2,1,3,1,3,4,1,1,1,2,1,5,3,3,2,1,0,0,0,1,0,0,0,0,0,0,0,0,0,0,0,172,8,3,7,195,1
2022-08-08,2883,710,4942,8902,956,114,545,2421,546,57,2916,959,169,335,173,37,123,38,69,28,16,22,40,25,30,101,91,2293,48,66,5,1,3,1,35,39,11,76,1,28,1,34,91,23,6,1,15,3,3,55,12,4,547,3,9,34,5,2,4,10,3,8,3,1,9,3,5,1,1,3,2,1,3,1,4,4,1,1,1,2,1,5,3,3,2,1,0,1,0,1,0,0,0,0,0,0,0,0,0,0,0,172,8,3,7,195,2
2022-08-09,2883,710,5162,9461,1007,123,599,2598,546,66,2982,959,169,347,175,37,129,41,69,29,16,22,40,25,30,101,147,2415,51,66,5,1,3,1,35,41,11,85,1,28,1,34,126,23,6,1,15,3,3,55,12,4,583,3,9,34,5,2,4,10,3,8,3,1,9,3,5,1,1,3,3,1,3,1,4,4,1,1,1,2,1,5,3,3,2,1,2,1,0,1,0,0,0,0,0,0,0,0,0,0,0,172,8,3,7,195,2
2022-08-10,2883,770,5162,10361,1010,123,599,2598,546,66,3025,959,174,361,175,49,129,41,69,29,16,22,40,25,30,101,147,2458,51,66,5,1,3,1,47,41,11,85,1,28,1,41,126,23,6,1,15,3,3,55,12,4,632,3,9,34,5,2,5,10,4,8,3,1,9,3,5,1,1,3,3,1,4,1,4,4,1,1,1,2,1,6,3,3,3,1,2,1,0,1,0,0,0,0,0,0,0,0,0,0,0,172,8,3,7,195,2
2022-08-11,2883,770,5162,10727,1057,126,599,2669,546,70,3063,1025,174,368,175,49,135,43,69,29,16,22,40,25,30,101,147,2458,51,67,6,1,3,1,47,48,11,85,1,31,1,41,141,23,6,1,15,3,3,55,12,4,653,3,9,45,5,2,5,16,4,8,4,1,9,3,5,2,1,3,3,1,4,1,4,4,1,1,1,2,1,10,3,5,3,1,2,1,0,3,0,0,0,0,0,0,0,0,0,0,0,172,8,3,7,195,2
2022-08-12,2883,770,5719,11131,1058,126,644,2669,546,70,3102,1025,174,376,198,49,141,43,69,35,16,22,40,25,30,101,147,2746,51,70,6,1,3,1,47,48,11,85,1,31,1,41,141,23,6,1,15,3,3,55,12,4,676,3,9,50,5,2,5,16,4,10,4,1,10,3,5,2,1,3,3,1,4,1,4,4,1,1,1,2,1,11,3,5,3,1,2,1,0,3,0,0,0,0,0,0,0,0,0,0,0,172,8,3,7,195,2
2022-08-13,2883,770,5719,11131,1058,126,644,2669,546,70,3102,1025,174,376,198,49,141,43,69,35,16,22,40,25,30,101,147,2848,51,70,6,1,3,1,47,48,11,85,1,31,1,41,141,23,6,1,15,3,3,55,12,4,712,3,9,50,5,3,5,16,4,10,4,1,10,3,5,2,1,3,3,1,4,1,4,4,1,1,1,2,1,11,3,5,3,1,2,1,2,3,0,0,0,0,0,0,0,0,0,0,0,172,8,3,7,195,2
2022-08-14,2883,770,5719,11131,1058,126,644,2669,546,70,3102,1025,174,376,198,49,141,43,69,35,16,22,40,25,30,101,147,2893,62,70,6,1,3,1,47,48,11,85,1,31,1,41,141,23,6,1,15,3,3,55,12,4,775,3,9,50,5,3,5,16,4,10,4,1,10,3,5,2,1,3,3,1,4,1,4,5,1,1,1,2,1,11,3,5,3,1,2,1,2,3,0,0,0,0,0,0,0,0,0,0,0,220,8,3,7,196,2
2022-08-15,3050,770,5719,11844,1076,129,644,2669,624,70,3142,1025,189,387,198,49,151,43,75,35,16,22,43,27,30,101,252,2985,62,74,6,1,4,1,47,49,11,95,1,31,1,41,189,23,6,1,15,4,3,129,12,4,834,3,9,50,5,4,5,16,4,10,4,1,10,3,5,2,1,3,3,1,4,1,4,5,1,1,1,2,1,21,3,5,3,1,2,1,3,3,0,0,1,0,0,0,0,0,0,0,0,220,8,3,7,196,2
2022-08-16,3050,770,5792,12636,1090,129,662,2744,624,82,3186,1025,194,399,198,72,154,43,75,35,16,22,43,27,30,101,252,3183,62,74,6,1,4,1,47,49,11,95,1,32,1,41,189,23,6,1,15,4,3,129,12,4,867,3,9,54,5,4,5,20,4,10,4,1,10,3,5,2,1,3,3,1,4,1,4,5,1,1,1,2,1,27,3,5,3,1,2,2,3,3,1,0,1,0,0,0,0,0,0,0,0,220,8,3,7,196,2
2022-08-17,3050,810,5792,13450,1110,130,662,2744,624,82,3213,1025,194,399,216,72,155,43,75,36,16,22,43,27,31,113,252,3359,62,74,6,1,4,1,47,49,12,104,1,32,2,43,189,31,6,1,15,5,3,129,17,4,891,3,9,66,5,5,6,20,4,10,4,1,10,3,6,2,1,3,3,1,4,1,4,5,1,1,2,2,1,31,3,5,3,1,2,2,3,3,1,0,1,0,0,0,0,0,0,0,0,220,8,3,7,196,2
2022-08-18,3050,810,5792,14049,1124,141,662,2884,624,89,3242,1090,194,399,217,72,158,43,75,39,16,22,43,27,31,113,252,3450,62,74,6,1,4,1,47,50,12,104,1,34,2,45,207,31,6,1,15,5,3,129,22,4,937,3,9,66,5,5,6,20,4,10,4,1,10,3,6,2,1,3,3,1,4,1,4,5,1,2,2,2,1,37,4,5,3,1,2,2,3,3,1,0,1,0,0,0,0,0,0,0,0,220,8,3,7,196,2
2022-08-19,3050,810,6119,14049,1169,141,689,2884,624,89,3266,1090,194,399,218,72,163,43,75,39,16,22,43,27,31,113,252,3655,62,76,6,1,4,2,47,50,12,104,1,34,2,45,207,31,6,1,15,5,3,164,22,4,1022,3,9,75,5,7,6,20,4,10,4,1,10,3,6,2,1,3,3,1,4,1,4,5,1,4,2,2,1,37,4,5,4,1,2,2,3,3,1,1,1,0,0,0,0,0,0,0,0,220,8,3,7,196,2
2022-08-20,3050,810,6119,14049,1169,141,689,2884,624,89,3266,1090,194,399,218,72,163,43,75,39,16,22,43,27,31,126,252,3755,62,76,6,1,4,2,47,50,12,104,1,34,2,45,207,31,6,1,16,5,3,164,22,4,1068,3,9,75,5,7,6,20,4,10,4,1,10,3,6,2,1,3,3,1,4,1,4,5,1,4,2,2,1,42,4,5,4,1,2,2,3,3,1,1,1,0,1,0,0,0,0,0,0,220,8,3,7,196,2
2022-08-21,3050,810,6119,14049,1169,141,689,2884,624,89,3266,1090,208,399,218,72,163,43,75,39,16,22,43,27,31,126,252,3787,62,76,6,1,4,2,47,50,12,104,1,34,2,45,207,31,6,1,16,5,3,164,22,4,1128,3,9,75,5,7,7,20,4,10,4,1,10,3,6,2,1,3,3,1,4,1,4,5,1,4,2,2,1,43,4,5,4,1,2,2,3,3,1,1,1,0,1,0,0,0,0,0,0,220,8,3,7,196,2
2022-08-22,3191,810,6119,15357,1179,141,689,2884,671,89,3295,1090,213,416,218,72,169,43,78,39,16,22,44,27,31,126,386,3896,63,76,6,1,4,2,47,52,12,114,1,34,2,45,270,31,6,1,16,5,3,273,22,4,1188,3,9,77,5,7,7,20,4,12,4,1,10,3,6,2,1,3,3,1,4,1,4,5,1,4,2,3,2,43,4,5,4,1,2,2,3,3,1,1,1,1,1,1,0,0,0,0,0,220,8,3,7,196,2
2022-08-23,3191,810,6284,15832,1203,150,714,3416,671,102,3329,1090,215,424,231,72,169,43,78,41,16,22,44,27,31,128,386,3984,64,76,6,1,4,2,47,52,12,121,1,35,2,47,270,31,6,1,16,5,3,273,22,4,1207,3,10,77,11,7,7,35,4,12,4,1,10,3,6,2,1,3,3,1,4,1,4,5,1,4,2,3,2,49,4,5,5,1,2,2,3,3,1,1,1,1,1,1,0,0,0,0,0,220,8,3,7,196,2
2022-08-24,3191,846,6284,16514,1204,150,714,3416,671,102,3350,1090,215,431,234,133,169,43,78,41,16,22,44,27,31,128,386,4144,64,76,6,1,4,2,47,52,12,121,3,35,2,47,270,31,6,1,16,5,3,273,25,4,1257,3,10,90,11,8,9,35,4,12,4,1,10,3,7,2,1,3,3,1,4,1,4,6,1,4,2,3,2,53,4,5,6,1,2,2,3,3,1,1,1,1,1,1,0,0,0,0,0,220,8,3,7,196,2
2022-08-25,3191,846,6284,16837,1223,154,714,3416,671,106,3387,1136,215,436,234,133,169,43,78,41,16,22,44,27,31,128,386,4216,64,77,6,3,4,2,47,54,12,122,3,35,2,50,344,31,6,1,16,5,3,273,25,4,1300,3,10,90,11,8,9,35,4,12,4,1,10,3,7,2,1,3,3,1,4,1,4,6,1,4,2,3,2,53,4,5,6,1,2,2,3,3,1,1,1,1,1,1,1,0,0,0,0,220,8,3,7,196,2
2022-08-26,3191,846,6459,17336,1227,156,740,3416,671,106,3387,1136,215,436,258,133,171,43,78,46,16,22,44,27,31,128,386,4472,67,79,6,3,4,2,56,54,12,128,3,36,2,50,344,31,6,1,16,5,3,273,26,4,1342,3,10,99,11,8,9,35,4,12,4,1,10,3,7,2,1,3,3,1,4,1,4,6,1,4,2,3,2,53,4,5,6,1,2,2,3,3,1,1,1,1,1,1,1,0,0,0,0,220,8,3,7,196,2
2022-08-27,3191,846,6459,17336,1227,156,740,3416,671,106,3387,1136,215,436,258,133,171,43,78,46,16,22,44,27,31,128,386,4472,67,79,6,3,4,2,56,54,12,128,3,36,2,50,344,31,6,1,16,5,3,273,26,4,1382,3,10,99,11,9,9,51,4,12,4,1,10,3,7,2,1,3,3,1,4,1,4,7,1,4,2,4,2,53,4,5,6,1,2,2,3,3,1,1,1,1,1,1,1,0,0,0,0,220,8,3,7,196,2
2022-08-28,3191,846,6459,17336,1227,156,740,3416,671,106,3387,1136,215,436,258,133,171,43,78,46,16,22,44,27,31,128,386,4472,67,79,6,3,4,2,56,54,12,128,3,36,2,50,344,31,6,1,16,5,3,273,26,4,1434,3,10,99,11,9,9,51,5,12,4,1,10,3,7,2,1,3,3,1,4,1,4,7,1,4,2,4,2,53,4,5,6,1,2,2,3,3,1,1,1,1,1,1,1,0,0,0,0,220,8,3,7,196,2
2022-08-29,3257,846,6459,17986,1227,156,740,3539,706,106,3422,1136,234,455,265,133,171,43,85,46,16,22,44,27,31,144,504,4692,67,79,6,3,4,2,56,56,12,128,3,36,2,53,344,31,6,1,16,5,3,582,26,4,1463,3,10,107,11,9,9,51,5,12,4,1,10,3,7,6,1,3,3,1,4,1,4,7,1,4,2,4,2,69,5,5,6,1,2,2,4,3,1,1,1,2,1,2,1,0,0,2,0,220,8,3,7,196,2
2022-08-30,3257,846,6543,18298,1242,157,760,3539,706,121,3455,1160,234,469,265,133,175,43,85,48,16,22,44,27,31,144,504,4876,70,80,6,3,4,2,56,56,12,130,3,36,2,53,344,31,6,1,16,5,3,582,26,4,1496,3,10,114,11,10,9,51,5,12,4,1,10,3,8,6,1,3,3,1,4,1,4,7,1,4,2,4,2,79,5,5,6,1,2,2,4,3,1,1,1,2,1,2,1,1,0,2,0,220,8,3,7,196,2
2022-08-31,3257,871,6543,18879,1286,157,760,3539,706,121,3467,1166,239,471,265,133,175,43,85,48,16,22,44,27,31,144,504,5037,70,80,6,3,4,2,56,56,12,130,3,36,2,53,344,31,6,1,16,5,3,582,26,4,1531,3,10,114,11,10,9,51,5,12,4,1,10,3,8,6,1,3,3,1,4,1,4,7,1,4,2,4,2,79,5,5,6,1,2,2,4,3,1,1,1,2,2,2,1,1,0,2,0,220,8,3,7,196,2
2022-09-01,3257,871,6543,19355,1288,161,760,3638,706,124,3480,1166,239,476,265,170,177,43,85,48,16,24,44,27,31,144,504,5197,70,80,6,3,4,2,56,58,12,130,3,36,2,53,450,31,6,1,16,5,3,582,26,4,1546,3,10,114,11,10,9,53,5,12,4,1,10,3,8,6,1,3,3,1,4,1,4,7,1,4,2,4,2,86,5,5,8,1,2,2,4,3,1,1,1,2,2,2,1,1,0,2,0,220,8,3,7,196,2
2022-09-02,3257,871,6645,19852,1291,161,773,3638,706,124,3493,1166,239,476,273,170,177,43,85,48,16,24,44,27,31,144,504,5197,70,82,6,3,4,2,56,58,12,130,3,36,2,53,450,31,6,1,16,5,3,582,26,5,1590,3,10,114,11,11,9,53,5,12,4,1,10,3,8,6,1,3,3,1,4,1,4,7,1,4,2,4,2,88,5,5,10,1,2,2,4,3,1,1,1,2,2,2,1,1,0,2,0,220,8,3,7,196,2
2022-09-03,3257,871,6645,19852,1291,161,773,3638,706,124,3493,1166,239,476,273,170,177,43,85,48,16,24,44,27,31,160,504,5197,70,82,6,3,4,2,56,58,12,130,3,36,2,53,450,31,6,2,16,5,3,582,26,5,1619,3,10,114,11,11,9,53,5,12,5,1,10,3,8,6,1,3,3,1,4,1,4,7,1,4,2,4,2,90,5,5,10,1,2,2,4,3,1,1,1,2,2,2,1,1,0,2,0,220,8,3,7,196,2
2022-09-04,3257,871,6645,19852,1291,161,773,3638,706,124,3493,1166,239,476,273,170,177,43,85,48,16,24,44,27,31,160,504,5409,70,82,6,3,4,2,56,58,12,130,3,36,2,53,450,31,6,2,16,5,3,582,26,5,1661,3,10,114,11,11,9,53,7,12,5,1,10,3,8,6,1,3,3,1,4,1,4,7,1,4,2,4,2,92,5,5,10,1,2,2,4,3,1,1,1,2,2,2,1,1,0,2,0,220,8,3,7,196,2
2022-09-05,3320,871,6645,19852,1291,163,773,3638,726,125,3493,1172,241,480,273,170,177,44,89,53,16,24,45,30,31,160,788,5525,70,82,6,3,4,2,76,58,12,141,3,36,2,53,484,31,6,2,16,5,3,938,27,5,1724,3,10,114,11,12,9,53,7,14,5,1,11,3,8,6,1,3,3,1,4,1,4,7,1,4,2,5,2,92,5,5,11,1,2,2,4,3,1,1,1,2,2,2,1,1,0,2,0,220,8,3,7,196,2
2022-09-06,3320,871,6749,20608,1316,163,787,3713,726,125,3505,1172,241,481,275,170,179,44,89,53,16,30,45,30,31,160,788,5692,70,83,6,3,4,2,76,58,12,141,3,36,2,53,484,31,6,3,16,5,4,938,27,5,1726,3,10,129,11,12,9,59,9,14,5,1,11,3,8,6,1,3,3,1,4,1,4,7,1,4,2,5,2,100,5,5,11,1,2,2,4,3,1,1,1,2,2,2,1,1,1,2,0,220,8,3,7,196,2
2022-09-07,3320,871,6749,21148,1316,165,787,3713,726,125,3511,1195,244,485,280,170,179,45,89,58,16,30,45,30,33,160,788,5726,71,83,6,3,4,2,76,62,12,145,3,36,2,53,484,31,6,3,16,5,4,938,27,5,1760,3,10,134,11,12,9,59,9,14,5,1,11,3,8,6,1,3,3,1,4,1,4,7,1,4,2,5,2,110,5,5,11,1,2,2,4,3,1,1,1,2,2,2,1,1,1,2,1,220,8,3,7,196,2
2022-09-08,3320,871,6749,21374,1320,168,787,3713,726,129,3518,1195,244,485,280,221,179,45,89,58,16,30,45,30,33,160,788,5726,71,83,6,3,4,2,76,66,12,145,3,36,2,53,486,31,8,3,16,5,4,938,27,5,1808,3,10,134,11,12,9,59,9,14,5,2,11,3,8,7,1,3,3,1,4,1,4,7,1,4,2,5,2,113,5,5,12,1,2,2,4,3,1,1,1,2,2,2,1,1,1,2,1,220,8,3,7,196,2
2022-09-09,3320,871,6884,21761,1320,168,805,3713,726,129,3530,1195,244,485,286,221,181,45,89,58,16,30,45,30,33,160,788,5726,71,83,6,3,4,2,76,66,12,145,3,36,2,54,486,31,8,3,16,5,4,938,27,5,1844,3,10,137,11,12,9,59,9,14,5,2,11,3,8,7,1,3,3,1,4,1,4,7,1,4,2,5,2,113,5,5,12,1,2,2,4,3,1,1,1,2,2,2,1,1,1,2,1,220,8,3,7,196,2
2022-09-10,3320,871,6884,21761,1320,168,805,3713,726,129,3530,1195,244,485,286,221,181,45,89,58,16,30,45,30,33,160,788,5726,71,83,6,3,4,2,76,66,12,145,3,36,2,54,486,31,8,3,16,5,4,938,27,5,1896,3,10,137,11,12,9,59,9,14,5,2,11,3,8,7,1,3,3,1,4,1,4,7,1,4,2,5,2,113,5,5,12,1,2,2,4,3,1,1,1,2,2,2,1,1,1,2,1,220,8,3,7,196,2
2022-09-11,3320,871,6884,21761,1320,168,805,3713,726,129,3530,1195,245,485,286,221,181,45,89,58,16,30,45,30,33,160,788,5726,71,83,6,3,4,2,76,66,12,145,3,36,2,54,486,31,8,3,16,5,4,938,27,5,1937,3,10,137,11,12,9,59,9,14,5,2,11,3,8,7,1,3,3,1,4,1,4,7,1,4,2,5,2,119,5,5,12,1,2,2,4,3,1,1,1,2,2,2,1,1,1,2,1,220,8,3,7,196,2
